id,name,cases
01000,Alabama,6
01001,"Autauga, AL",0
01003,"Baldwin, AL",0
01005,"Barbour, AL",0
01007,"Bibb, AL",0
01009,"Blount, AL",0
01011,"Bullock, AL",0
01013,"Butler, AL",0
01015,"Calhoun, AL",0
01017,"Chambers, AL",0
01019,"Cherokee, AL",0
01021,"Chilton, AL",0
01023,"Choctaw, AL",0
01025,"Clarke, AL",0
01027,"Clay, AL",0
01029,"Cleburne, AL",0
01031,"Coffee, AL",0
01033,"Colbert, AL",0
01035,"Conecuh, AL",0
01037,"Coosa, AL",0
01039,"Covington, AL",0
01041,"Crenshaw, AL",0
01043,"Cullman, AL",0
01045,"Dale, AL",0
01047,"Dallas, AL",0
01049,"Dekalb, AL",0
01051,"Elmore, AL",0
01053,"Escambia, AL",0
01055,"Etowah, AL",0
01057,"Fayette, AL",0
01059,"Franklin, AL",0
01061,"Geneva, AL",0
01063,"Greene, AL",0
01065,"Hale, AL",0
01067,"Henry, AL",0
01069,"Houston, AL",0
01071,"Jackson, AL",0
01073,"Jefferson, AL",0
01075,"Lamar, AL",0
01077,"Lauderdale, AL",0
01079,"Lawrence, AL",0
01081,"Lee, AL",0
01083,"Limestone, AL",0
01085,"Lowndes, AL",0
01087,"Macon, AL",0
01089,"Madison, AL",0
01091,"Marengo, AL",0
01093,"Marion, AL",0
01095,"Marshall, AL",0
01097,"Mobile, AL",0
01099,"Monroe, AL",0
01101,"Montgomery, AL",0
01103,"Morgan, AL",0
01105,"Perry, AL",0
01107,"Pickens, AL",0
01109,"Pike, AL",0
01111,"Randolph, AL",0
01113,"Russell, AL",0
01115,"St. Clair, AL",0
01117,"Shelby, AL",0
01119,"Sumter, AL",0
01121,"Talladega, AL",0
01123,"Tallapoosa, AL",0
01125,"Tuscaloosa, AL",0
01127,"Walker, AL",0
01129,"Washington, AL",0
01131,"Wilcox, AL",0
01133,"Winston, AL",0
02000,Alaska,1
02013,"Aleutians East Borough, AK",0
02016,"Aleutians West Census Area, AK",0
02020,"Anchorage Municipality, AK",0
02050,"Bethel Census Area, AK",0
02060,"Bristol Bay Borough, AK",0
02068,"Denali Borough, AK",0
02070,"Dillingham Census Area, AK",0
02090,"Fairbanks North Star Borough, AK",0
02100,"Haines Borough, AK",0
02105,"Hoonah-Angoon Census Area, AK",0
02110,"Juneau City And Borough, AK",0
02122,"Kenai Peninsula Borough, AK",0
02130,"Ketchikan Gateway Borough, AK",0
02150,"Kodiak Island Borough, AK",0
02164,"Lake And Peninsula Borough, AK",0
02170,"Matanuska-Susitna Borough, AK",0
02180,"Nome Census Area, AK",0
02185,"North Slope Borough, AK",0
02188,"Northwest Arctic Borough, AK",0
02195,"Petersburg Borough, AK",0
02198,"Prince Of Wales-Hyder Census Area, AK",0
02220,"Sitka City And Borough, AK",0
02230,"Skagway Municipality, AK",0
02240,"Southeast Fairbanks Census Area, AK",0
02261,"Valdez-Cordova Census Area, AK",0
02270,"Wade Hampton Census Area, AK",0
02275,"Wrangell City And Borough, AK",0
02282,"Yakutat City And Borough, AK",0
02290,"Yukon-Koyukuk Census Area, AK",0
04000,Arizona,12
04001,"Apache, AZ",0
04003,"Cochise, AZ",0
04005,"Coconino, AZ",0
04007,"Gila, AZ",0
04009,"Graham, AZ",0
04011,"Greenlee, AZ",0
04012,"La Paz, AZ",0
04013,"Maricopa, AZ",2
04015,"Mohave, AZ",0
04017,"Navajo, AZ",0
04019,"Pima, AZ",0
04021,"Pinal, AZ",2
04023,"Santa Cruz, AZ",0
04025,"Yavapai, AZ",0
04027,"Yuma, AZ",0
05000,Arkansas,12
05001,"Arkansas, AR",0
05003,"Ashley, AR",0
05005,"Baxter, AR",0
05007,"Benton, AR",0
05009,"Boone, AR",0
05011,"Bradley, AR",0
05013,"Calhoun, AR",0
05015,"Carroll, AR",0
05017,"Chicot, AR",0
05019,"Clark, AR",0
05021,"Clay, AR",0
05023,"Cleburne, AR",0
05025,"Cleveland, AR",0
05027,"Columbia, AR",0
05029,"Conway, AR",0
05031,"Craighead, AR",0
05033,"Crawford, AR",0
05035,"Crittenden, AR",0
05037,"Cross, AR",0
05039,"Dallas, AR",0
05041,"Desha, AR",0
05043,"Drew, AR",0
05045,"Faulkner, AR",0
05047,"Franklin, AR",0
05049,"Fulton, AR",0
05051,"Garland, AR",0
05053,"Grant, AR",0
05055,"Greene, AR",0
05057,"Hempstead, AR",0
05059,"Hot Spring, AR",0
05061,"Howard, AR",0
05063,"Independence, AR",0
05065,"Izard, AR",0
05067,"Jackson, AR",0
05069,"Jefferson, AR",0
05071,"Johnson, AR",0
05073,"Lafayette, AR",0
05075,"Lawrence, AR",0
05077,"Lee, AR",0
05079,"Lincoln, AR",0
05081,"Little River, AR",0
05083,"Logan, AR",0
05085,"Lonoke, AR",0
05087,"Madison, AR",0
05089,"Marion, AR",0
05091,"Miller, AR",0
05093,"Mississippi, AR",0
05095,"Monroe, AR",0
05097,"Montgomery, AR",0
05099,"Nevada, AR",0
05101,"Newton, AR",0
05103,"Ouachita, AR",0
05105,"Perry, AR",0
05107,"Phillips, AR",0
05109,"Pike, AR",0
05111,"Poinsett, AR",0
05113,"Polk, AR",0
05115,"Pope, AR",0
05117,"Prairie, AR",0
05119,"Pulaski, AR",0
05121,"Randolph, AR",0
05123,"St. Francis, AR",0
05125,"Saline, AR",0
05127,"Scott, AR",0
05129,"Searcy, AR",0
05131,"Sebastian, AR",0
05133,"Sevier, AR",0
05135,"Sharp, AR",0
05137,"Stone, AR",0
05139,"Union, AR",0
05141,"Van Buren, AR",0
05143,"Washington, AR",0
05145,"White, AR",0
05147,"Woodruff, AR",0
05149,"Yell, AR",0
06000,California,340
06001,"Alameda, CA",2
06003,"Alpine, CA",0
06005,"Amador, CA",0
06007,"Butte, CA",0
06009,"Calaveras, CA",0
06011,"Colusa, CA",0
06013,"Contra Costa, CA",9
06015,"Del Norte, CA",0
06017,"El Dorado, CA",0
06019,"Fresno, CA",1
06021,"Glenn, CA",0
06023,"Humboldt, CA",1
06025,"Imperial, CA",0
06027,"Inyo, CA",0
06029,"Kern, CA",0
06031,"Kings, CA",0
06033,"Lake, CA",0
06035,"Lassen, CA",0
06037,"Los Angeles, CA",14
06039,"Madera, CA",1
06041,"Marin, CA",0
06043,"Mariposa, CA",0
06045,"Mendocino, CA",0
06047,"Merced, CA",0
06049,"Modoc, CA",0
06051,"Mono, CA",0
06053,"Monterey, CA",0
06055,"Napa, CA",0
06057,"Nevada, CA",0
06059,"Orange, CA",4
06061,"Placer, CA",7
06063,"Plumas, CA",0
06065,"Riverside, CA",1
06067,"Sacramento, CA",2
06069,"San Benito, CA",2
06071,"San Bernardino, CA",0
06073,"San Diego, CA",3
06075,"San Francisco, CA",9
06077,"San Joaquin, CA",0
06079,"San Luis Obispo, CA",0
06081,"San Mateo, CA",2
06083,"Santa Barbara, CA",0
06085,"Santa Clara, CA",38
06087,"Santa Cruz, CA",0
06089,"Shasta, CA",1
06091,"Sierra, CA",0
06093,"Siskiyou, CA",0
06095,"Solano, CA",0
06097,"Sonoma, CA",3
06099,"Stanislaus, CA",0
06101,"Sutter, CA",0
06103,"Tehama, CA",0
06105,"Trinity, CA",0
06107,"Tulare, CA",0
06109,"Tuolumne, CA",0
06111,"Ventura, CA",0
06113,"Yolo, CA",1
06115,"Yuba, CA",0
08000,Colorado,101
08001,"Adams, CO",0
08003,"Alamosa, CO",0
08005,"Arapahoe, CO",0
08007,"Archuleta, CO",0
08009,"Baca, CO",0
08011,"Bent, CO",0
08013,"Boulder, CO",0
08014,"Broomfield, CO",0
08015,"Chaffee, CO",0
08017,"Cheyenne, CO",0
08019,"Clear Creek, CO",0
08021,"Conejos, CO",0
08023,"Costilla, CO",0
08025,"Crowley, CO",0
08027,"Custer, CO",0
08029,"Delta, CO",0
08031,"Denver, CO",2
08033,"Dolores, CO",0
08035,"Douglas, CO",3
08037,"Eagle, CO",0
08039,"Elbert, CO",0
08041,"El Paso, CO",1
08043,"Fremont, CO",0
08045,"Garfield, CO",0
08047,"Gilpin, CO",0
08049,"Grand, CO",0
08051,"Gunnison, CO",0
08053,"Hinsdale, CO",0
08055,"Huerfano, CO",0
08057,"Jackson, CO",0
08059,"Jefferson, CO",0
08061,"Kiowa, CO",0
08063,"Kit Carson, CO",0
08065,"Lake, CO",0
08067,"La Plata, CO",0
08069,"Larimer, CO",0
08071,"Las Animas, CO",0
08073,"Lincoln, CO",0
08075,"Logan, CO",0
08077,"Mesa, CO",0
08079,"Mineral, CO",0
08081,"Moffat, CO",0
08083,"Montezuma, CO",0
08085,"Montrose, CO",0
08087,"Morgan, CO",0
08089,"Otero, CO",0
08091,"Ouray, CO",0
08093,"Park, CO",0
08095,"Phillips, CO",0
08097,"Pitkin, CO",0
08099,"Prowers, CO",0
08101,"Pueblo, CO",0
08103,"Rio Blanco, CO",0
08105,"Rio Grande, CO",0
08107,"Routt, CO",0
08109,"Saguache, CO",0
08111,"San Juan, CO",0
08113,"San Miguel, CO",0
08115,"Sedgwick, CO",0
08117,"Summit, CO",1
08119,"Teller, CO",0
08121,"Washington, CO",0
08123,"Weld, CO",0
08125,"Yuma, CO",0
09000,Connecticut,22
09001,"Fairfield, CT",0
09003,"Hartford, CT",0
09005,"Litchfield, CT",0
09007,"Middlesex, CT",0
09009,"New Haven, CT",0
09011,"New London, CT",0
09013,"Tolland, CT",0
09015,"Windham, CT",0
10000,Delaware,6
10001,"Kent, DE",0
10003,"New Castle, DE",0
10005,"Sussex, DE",0
11000,District Of Columbia,0
11001,"District Of Columbia, DC",0
12000,Florida,76
12001,"Alachua, FL",0
12003,"Baker, FL",0
12005,"Bay, FL",0
12007,"Bradford, FL",0
12009,"Brevard, FL",0
12011,"Broward, FL",3
12013,"Calhoun, FL",0
12015,"Charlotte, FL",1
12017,"Citrus, FL",0
12019,"Clay, FL",0
12021,"Collier, FL",0
12023,"Columbia, FL",0
12027,"Desoto, FL",0
12029,"Dixie, FL",0
12031,"Duval, FL",0
12033,"Escambia, FL",0
12035,"Flagler, FL",0
12037,"Franklin, FL",0
12039,"Gadsden, FL",0
12041,"Gilchrist, FL",0
12043,"Glades, FL",0
12045,"Gulf, FL",0
12047,"Hamilton, FL",0
12049,"Hardee, FL",0
12051,"Hendry, FL",0
12053,"Hernando, FL",0
12055,"Highlands, FL",0
12057,"Hillsborough, FL",2
12059,"Holmes, FL",0
12061,"Indian River, FL",0
12063,"Jackson, FL",0
12065,"Jefferson, FL",0
12067,"Lafayette, FL",0
12069,"Lake, FL",0
12071,"Lee, FL",2
12073,"Leon, FL",0
12075,"Levy, FL",0
12077,"Liberty, FL",0
12079,"Madison, FL",0
12081,"Manatee, FL",2
12083,"Marion, FL",0
12085,"Martin, FL",0
12086,"Miami-Dade, FL",0
12087,"Monroe, FL",0
12089,"Nassau, FL",0
12091,"Okaloosa, FL",1
12093,"Okeechobee, FL",0
12095,"Orange, FL",0
12097,"Osceola, FL",0
12099,"Palm Beach, FL",0
12101,"Pasco, FL",0
12103,"Pinellas, FL",0
12105,"Polk, FL",0
12107,"Putnam, FL",0
12109,"St. Johns, FL",0
12111,"St. Lucie, FL",0
12113,"Santa Rosa, FL",1
12115,"Sarasota, FL",0
12117,"Seminole, FL",0
12119,"Sumter, FL",0
12121,"Suwannee, FL",0
12123,"Taylor, FL",0
12125,"Union, FL",0
12127,"Volusia, FL",1
12129,"Wakulla, FL",0
12131,"Walton, FL",0
12133,"Washington, FL",0
13000,Georgia,66
13001,"Appling, GA",0
13003,"Atkinson, GA",0
13005,"Bacon, GA",0
13007,"Baker, GA",0
13009,"Baldwin, GA",0
13011,"Banks, GA",0
13013,"Barrow, GA",0
13015,"Bartow, GA",0
13017,"Ben Hill, GA",0
13019,"Berrien, GA",0
13021,"Bibb, GA",0
13023,"Bleckley, GA",0
13025,"Brantley, GA",0
13027,"Brooks, GA",0
13029,"Bryan, GA",0
13031,"Bulloch, GA",0
13033,"Burke, GA",0
13035,"Butts, GA",0
13037,"Calhoun, GA",0
13039,"Camden, GA",0
13043,"Candler, GA",0
13045,"Carroll, GA",0
13047,"Catoosa, GA",0
13049,"Charlton, GA",0
13051,"Chatham, GA",0
13053,"Chattahoochee, GA",0
13055,"Chattooga, GA",0
13057,"Cherokee, GA",1
13059,"Clarke, GA",0
13061,"Clay, GA",0
13063,"Clayton, GA",0
13065,"Clinch, GA",0
13067,"Cobb, GA",3
13069,"Coffee, GA",0
13071,"Colquitt, GA",0
13073,"Columbia, GA",0
13075,"Cook, GA",0
13077,"Coweta, GA",0
13079,"Crawford, GA",0
13081,"Crisp, GA",0
13083,"Dade, GA",0
13085,"Dawson, GA",0
13087,"Decatur, GA",0
13089,"Dekalb, GA",0
13091,"Dodge, GA",0
13093,"Dooly, GA",0
13095,"Dougherty, GA",0
13097,"Douglas, GA",0
13099,"Early, GA",0
13101,"Echols, GA",0
13103,"Effingham, GA",0
13105,"Elbert, GA",0
13107,"Emanuel, GA",0
13109,"Evans, GA",0
13111,"Fannin, GA",0
13113,"Fayette, GA",0
13115,"Floyd, GA",0
13117,"Forsyth, GA",0
13119,"Franklin, GA",0
13121,"Fulton, GA",5
13123,"Gilmer, GA",0
13125,"Glascock, GA",0
13127,"Glynn, GA",0
13129,"Gordon, GA",0
13131,"Grady, GA",0
13133,"Greene, GA",0
13135,"Gwinnett, GA",0
13137,"Habersham, GA",0
13139,"Hall, GA",0
13141,"Hancock, GA",0
13143,"Haralson, GA",0
13145,"Harris, GA",0
13147,"Hart, GA",0
13149,"Heard, GA",0
13151,"Henry, GA",0
13153,"Houston, GA",0
13155,"Irwin, GA",0
13157,"Jackson, GA",0
13159,"Jasper, GA",0
13161,"Jeff Davis, GA",0
13163,"Jefferson, GA",0
13165,"Jenkins, GA",0
13167,"Johnson, GA",0
13169,"Jones, GA",0
13171,"Lamar, GA",0
13173,"Lanier, GA",0
13175,"Laurens, GA",0
13177,"Lee, GA",0
13179,"Liberty, GA",0
13181,"Lincoln, GA",0
13183,"Long, GA",0
13185,"Lowndes, GA",0
13187,"Lumpkin, GA",0
13189,"Mcduffie, GA",0
13191,"Mcintosh, GA",0
13193,"Macon, GA",0
13195,"Madison, GA",0
13197,"Marion, GA",0
13199,"Meriwether, GA",0
13201,"Miller, GA",0
13205,"Mitchell, GA",0
13207,"Monroe, GA",0
13209,"Montgomery, GA",0
13211,"Morgan, GA",0
13213,"Murray, GA",0
13215,"Muscogee, GA",0
13217,"Newton, GA",0
13219,"Oconee, GA",0
13221,"Oglethorpe, GA",0
13223,"Paulding, GA",0
13225,"Peach, GA",0
13227,"Pickens, GA",0
13229,"Pierce, GA",0
13231,"Pike, GA",0
13233,"Polk, GA",1
13235,"Pulaski, GA",0
13237,"Putnam, GA",0
13239,"Quitman, GA",0
13241,"Rabun, GA",0
13243,"Randolph, GA",0
13245,"Richmond, GA",0
13247,"Rockdale, GA",0
13249,"Schley, GA",0
13251,"Screven, GA",0
13253,"Seminole, GA",0
13255,"Spalding, GA",0
13257,"Stephens, GA",0
13259,"Stewart, GA",0
13261,"Sumter, GA",0
13263,"Talbot, GA",0
13265,"Taliaferro, GA",0
13267,"Tattnall, GA",0
13269,"Taylor, GA",0
13271,"Telfair, GA",0
13273,"Terrell, GA",0
13275,"Thomas, GA",0
13277,"Tift, GA",0
13279,"Toombs, GA",0
13281,"Towns, GA",0
13283,"Treutlen, GA",0
13285,"Troup, GA",0
13287,"Turner, GA",0
13289,"Twiggs, GA",0
13291,"Union, GA",0
13293,"Upson, GA",0
13295,"Walker, GA",0
13297,"Walton, GA",0
13299,"Ware, GA",0
13301,"Warren, GA",0
13303,"Washington, GA",0
13305,"Wayne, GA",0
13307,"Webster, GA",0
13309,"Wheeler, GA",0
13311,"White, GA",0
13313,"Whitfield, GA",0
13315,"Wilcox, GA",0
13317,"Wilkes, GA",0
13319,"Wilkinson, GA",0
13321,"Worth, GA",0
15000,Hawaii,4
15001,"Hawaii, HI",0
15003,"Honolulu, HI",1
15005,"Kalawao, HI",0
15007,"Kauai, HI",0
15009,"Maui, HI",0
16000,Idaho,2
16001,"Ada, ID",0
16003,"Adams, ID",0
16005,"Bannock, ID",0
16007,"Bear Lake, ID",0
16009,"Benewah, ID",0
16011,"Bingham, ID",0
16013,"Blaine, ID",0
16015,"Boise, ID",0
16017,"Bonner, ID",0
16019,"Bonneville, ID",0
16021,"Boundary, ID",0
16023,"Butte, ID",0
16025,"Camas, ID",0
16027,"Canyon, ID",0
16029,"Caribou, ID",0
16031,"Cassia, ID",0
16033,"Clark, ID",0
16035,"Clearwater, ID",0
16037,"Custer, ID",0
16039,"Elmore, ID",0
16041,"Franklin, ID",0
16043,"Fremont, ID",0
16045,"Gem, ID",0
16047,"Gooding, ID",0
16049,"Idaho, ID",0
16051,"Jefferson, ID",0
16053,"Jerome, ID",0
16055,"Kootenai, ID",0
16057,"Latah, ID",0
16059,"Lemhi, ID",0
16061,"Lewis, ID",0
16063,"Lincoln, ID",0
16065,"Madison, ID",0
16067,"Minidoka, ID",0
16069,"Nez Perce, ID",0
16071,"Oneida, ID",0
16073,"Owyhee, ID",0
16075,"Payette, ID",0
16077,"Power, ID",0
16079,"Shoshone, ID",0
16081,"Teton, ID",0
16083,"Twin Falls, ID",0
16085,"Valley, ID",0
16087,"Washington, ID",0
17000,Illinois,64
17001,"Adams, IL",0
17003,"Alexander, IL",0
17005,"Bond, IL",0
17007,"Boone, IL",0
17009,"Brown, IL",0
17011,"Bureau, IL",0
17013,"Calhoun, IL",0
17015,"Carroll, IL",0
17017,"Cass, IL",0
17019,"Champaign, IL",0
17021,"Christian, IL",0
17023,"Clark, IL",0
17025,"Clay, IL",0
17027,"Clinton, IL",0
17029,"Coles, IL",0
17031,"Cook, IL",7
17033,"Crawford, IL",0
17035,"Cumberland, IL",0
17037,"Dekalb, IL",0
17039,"De Witt, IL",0
17041,"Douglas, IL",0
17043,"Dupage, IL",0
17045,"Edgar, IL",0
17047,"Edwards, IL",0
17049,"Effingham, IL",0
17051,"Fayette, IL",0
17053,"Ford, IL",0
17055,"Franklin, IL",0
17057,"Fulton, IL",0
17059,"Gallatin, IL",0
17061,"Greene, IL",0
17063,"Grundy, IL",0
17065,"Hamilton, IL",0
17067,"Hancock, IL",0
17069,"Hardin, IL",0
17071,"Henderson, IL",0
17073,"Henry, IL",0
17075,"Iroquois, IL",0
17077,"Jackson, IL",0
17079,"Jasper, IL",0
17081,"Jefferson, IL",0
17083,"Jersey, IL",0
17085,"Jo Daviess, IL",0
17087,"Johnson, IL",0
17089,"Kane, IL",0
17091,"Kankakee, IL",0
17093,"Kendall, IL",0
17095,"Knox, IL",0
17097,"Lake, IL",0
17099,"Lasalle, IL",0
17101,"Lawrence, IL",0
17103,"Lee, IL",0
17105,"Livingston, IL",0
17107,"Logan, IL",0
17109,"Mcdonough, IL",0
17111,"Mchenry, IL",0
17113,"Mclean, IL",0
17115,"Macon, IL",0
17117,"Macoupin, IL",0
17119,"Madison, IL",0
17121,"Marion, IL",0
17123,"Marshall, IL",0
17125,"Mason, IL",0
17127,"Massac, IL",0
17129,"Menard, IL",0
17131,"Mercer, IL",0
17133,"Monroe, IL",0
17135,"Montgomery, IL",0
17137,"Morgan, IL",0
17139,"Moultrie, IL",0
17141,"Ogle, IL",0
17143,"Peoria, IL",0
17145,"Perry, IL",0
17147,"Piatt, IL",0
17149,"Pike, IL",0
17151,"Pope, IL",0
17153,"Pulaski, IL",0
17155,"Putnam, IL",0
17157,"Randolph, IL",0
17159,"Richland, IL",0
17161,"Rock Island, IL",0
17163,"St. Clair, IL",0
17165,"Saline, IL",0
17167,"Sangamon, IL",0
17169,"Schuyler, IL",0
17171,"Scott, IL",0
17173,"Shelby, IL",0
17175,"Stark, IL",0
17177,"Stephenson, IL",0
17179,"Tazewell, IL",0
17181,"Union, IL",0
17183,"Vermilion, IL",0
17185,"Wabash, IL",0
17187,"Warren, IL",0
17189,"Washington, IL",0
17191,"Wayne, IL",0
17193,"White, IL",0
17195,"Whiteside, IL",0
17197,"Will, IL",0
17199,"Williamson, IL",0
17201,"Winnebago, IL",0
17203,"Woodford, IL",0
18000,Indiana,16
18001,"Adams, IN",0
18003,"Allen, IN",0
18005,"Bartholomew, IN",0
18007,"Benton, IN",0
18009,"Blackford, IN",0
18011,"Boone, IN",0
18013,"Brown, IN",0
18015,"Carroll, IN",0
18017,"Cass, IN",0
18019,"Clark, IN",0
18021,"Clay, IN",0
18023,"Clinton, IN",0
18025,"Crawford, IN",0
18027,"Daviess, IN",0
18029,"Dearborn, IN",0
18031,"Decatur, IN",0
18033,"Dekalb, IN",0
18035,"Delaware, IN",0
18037,"Dubois, IN",0
18039,"Elkhart, IN",0
18041,"Fayette, IN",0
18043,"Floyd, IN",0
18045,"Fountain, IN",0
18047,"Franklin, IN",0
18049,"Fulton, IN",0
18051,"Gibson, IN",0
18053,"Grant, IN",0
18055,"Greene, IN",0
18057,"Hamilton, IN",0
18059,"Hancock, IN",0
18061,"Harrison, IN",0
18063,"Hendricks, IN",2
18065,"Henry, IN",0
18067,"Howard, IN",0
18069,"Huntington, IN",0
18071,"Jackson, IN",0
18073,"Jasper, IN",0
18075,"Jay, IN",0
18077,"Jefferson, IN",0
18079,"Jennings, IN",0
18081,"Johnson, IN",0
18083,"Knox, IN",0
18085,"Kosciusko, IN",0
18087,"Lagrange, IN",0
18089,"Lake, IN",0
18091,"Laporte, IN",0
18093,"Lawrence, IN",0
18095,"Madison, IN",0
18097,"Marion, IN",1
18099,"Marshall, IN",0
18101,"Martin, IN",0
18103,"Miami, IN",0
18105,"Monroe, IN",0
18107,"Montgomery, IN",0
18109,"Morgan, IN",0
18111,"Newton, IN",0
18113,"Noble, IN",0
18115,"Ohio, IN",0
18117,"Orange, IN",0
18119,"Owen, IN",0
18121,"Parke, IN",0
18123,"Perry, IN",0
18125,"Pike, IN",0
18127,"Porter, IN",0
18129,"Posey, IN",0
18131,"Pulaski, IN",0
18133,"Putnam, IN",0
18135,"Randolph, IN",0
18137,"Ripley, IN",0
18139,"Rush, IN",0
18141,"St. Joseph, IN",0
18143,"Scott, IN",0
18145,"Shelby, IN",0
18147,"Spencer, IN",0
18149,"Starke, IN",0
18151,"Steuben, IN",0
18153,"Sullivan, IN",0
18155,"Switzerland, IN",0
18157,"Tippecanoe, IN",0
18159,"Tipton, IN",0
18161,"Union, IN",0
18163,"Vanderburgh, IN",0
18165,"Vermillion, IN",0
18167,"Vigo, IN",0
18169,"Wabash, IN",0
18171,"Warren, IN",0
18173,"Warrick, IN",0
18175,"Washington, IN",0
18177,"Wayne, IN",0
18179,"Wells, IN",0
18181,"White, IN",0
18183,"Whitley, IN",0
19000,Iowa,17
19001,"Adair, IA",0
19003,"Adams, IA",0
19005,"Allamakee, IA",0
19007,"Appanoose, IA",0
19009,"Audubon, IA",0
19011,"Benton, IA",0
19013,"Black Hawk, IA",0
19015,"Boone, IA",0
19017,"Bremer, IA",0
19019,"Buchanan, IA",0
19021,"Buena Vista, IA",0
19023,"Butler, IA",0
19025,"Calhoun, IA",0
19027,"Carroll, IA",0
19029,"Cass, IA",0
19031,"Cedar, IA",0
19033,"Cerro Gordo, IA",0
19035,"Cherokee, IA",0
19037,"Chickasaw, IA",0
19039,"Clarke, IA",0
19041,"Clay, IA",0
19043,"Clayton, IA",0
19045,"Clinton, IA",0
19047,"Crawford, IA",0
19049,"Dallas, IA",0
19051,"Davis, IA",0
19053,"Decatur, IA",0
19055,"Delaware, IA",0
19057,"Des Moines, IA",0
19059,"Dickinson, IA",0
19061,"Dubuque, IA",0
19063,"Emmet, IA",0
19065,"Fayette, IA",0
19067,"Floyd, IA",0
19069,"Franklin, IA",0
19071,"Fremont, IA",0
19073,"Greene, IA",0
19075,"Grundy, IA",0
19077,"Guthrie, IA",0
19079,"Hamilton, IA",0
19081,"Hancock, IA",0
19083,"Hardin, IA",0
19085,"Harrison, IA",0
19087,"Henry, IA",0
19089,"Howard, IA",0
19091,"Humboldt, IA",0
19093,"Ida, IA",0
19095,"Iowa, IA",0
19097,"Jackson, IA",0
19099,"Jasper, IA",0
19101,"Jefferson, IA",0
19103,"Johnson, IA",3
19105,"Jones, IA",0
19107,"Keokuk, IA",0
19109,"Kossuth, IA",0
19111,"Lee, IA",0
19113,"Linn, IA",0
19115,"Louisa, IA",0
19117,"Lucas, IA",0
19119,"Lyon, IA",0
19121,"Madison, IA",0
19123,"Mahaska, IA",0
19125,"Marion, IA",0
19127,"Marshall, IA",0
19129,"Mills, IA",0
19131,"Mitchell, IA",0
19133,"Monona, IA",0
19135,"Monroe, IA",0
19137,"Montgomery, IA",0
19139,"Muscatine, IA",0
19141,"O'Brien, IA",0
19143,"Osceola, IA",0
19145,"Page, IA",0
19147,"Palo Alto, IA",0
19149,"Plymouth, IA",0
19151,"Pocahontas, IA",0
19153,"Polk, IA",0
19155,"Pottawattamie, IA",0
19157,"Poweshiek, IA",0
19159,"Ringgold, IA",0
19161,"Sac, IA",0
19163,"Scott, IA",0
19165,"Shelby, IA",0
19167,"Sioux, IA",0
19169,"Story, IA",0
19171,"Tama, IA",0
19173,"Taylor, IA",0
19175,"Union, IA",0
19177,"Van Buren, IA",0
19179,"Wapello, IA",0
19181,"Warren, IA",0
19183,"Washington, IA",0
19185,"Wayne, IA",0
19187,"Webster, IA",0
19189,"Winnebago, IA",0
19191,"Winneshiek, IA",0
19193,"Woodbury, IA",0
19195,"Worth, IA",0
19197,"Wright, IA",0
20000,Kansas,8
20001,"Allen, KS",0
20003,"Anderson, KS",0
20005,"Atchison, KS",0
20007,"Barber, KS",0
20009,"Barton, KS",0
20011,"Bourbon, KS",0
20013,"Brown, KS",0
20015,"Butler, KS",0
20017,"Chase, KS",0
20019,"Chautauqua, KS",0
20021,"Cherokee, KS",0
20023,"Cheyenne, KS",0
20025,"Clark, KS",0
20027,"Clay, KS",0
20029,"Cloud, KS",0
20031,"Coffey, KS",0
20033,"Comanche, KS",0
20035,"Cowley, KS",0
20037,"Crawford, KS",0
20039,"Decatur, KS",0
20041,"Dickinson, KS",0
20043,"Doniphan, KS",0
20045,"Douglas, KS",0
20047,"Edwards, KS",0
20049,"Elk, KS",0
20051,"Ellis, KS",0
20053,"Ellsworth, KS",0
20055,"Finney, KS",0
20057,"Ford, KS",0
20059,"Franklin, KS",0
20061,"Geary, KS",0
20063,"Gove, KS",0
20065,"Graham, KS",0
20067,"Grant, KS",0
20069,"Gray, KS",0
20071,"Greeley, KS",0
20073,"Greenwood, KS",0
20075,"Hamilton, KS",0
20077,"Harper, KS",0
20079,"Harvey, KS",0
20081,"Haskell, KS",0
20083,"Hodgeman, KS",0
20085,"Jackson, KS",0
20087,"Jefferson, KS",0
20089,"Jewell, KS",0
20091,"Johnson, KS",1
20093,"Kearny, KS",0
20095,"Kingman, KS",0
20097,"Kiowa, KS",0
20099,"Labette, KS",0
20101,"Lane, KS",0
20103,"Leavenworth, KS",0
20105,"Lincoln, KS",0
20107,"Linn, KS",0
20109,"Logan, KS",0
20111,"Lyon, KS",0
20113,"Mcpherson, KS",0
20115,"Marion, KS",0
20117,"Marshall, KS",0
20119,"Meade, KS",0
20121,"Miami, KS",0
20123,"Mitchell, KS",0
20125,"Montgomery, KS",0
20127,"Morris, KS",0
20129,"Morton, KS",0
20131,"Nemaha, KS",0
20133,"Neosho, KS",0
20135,"Ness, KS",0
20137,"Norton, KS",0
20139,"Osage, KS",0
20141,"Osborne, KS",0
20143,"Ottawa, KS",0
20145,"Pawnee, KS",0
20147,"Phillips, KS",0
20149,"Pottawatomie, KS",0
20151,"Pratt, KS",0
20153,"Rawlins, KS",0
20155,"Reno, KS",0
20157,"Republic, KS",0
20159,"Rice, KS",0
20161,"Riley, KS",0
20163,"Rooks, KS",0
20165,"Rush, KS",0
20167,"Russell, KS",0
20169,"Saline, KS",0
20171,"Scott, KS",0
20173,"Sedgwick, KS",0
20175,"Seward, KS",0
20177,"Shawnee, KS",0
20179,"Sheridan, KS",0
20181,"Sherman, KS",0
20183,"Smith, KS",0
20185,"Stafford, KS",0
20187,"Stanton, KS",0
20189,"Stevens, KS",0
20191,"Sumner, KS",0
20193,"Thomas, KS",0
20195,"Trego, KS",0
20197,"Wabaunsee, KS",0
20199,"Wallace, KS",0
20201,"Washington, KS",0
20203,"Wichita, KS",0
20205,"Wilson, KS",0
20207,"Woodson, KS",0
20209,"Wyandotte, KS",0
21000,Kentucky,14
21001,"Adair, KY",0
21003,"Allen, KY",0
21005,"Anderson, KY",0
21007,"Ballard, KY",0
21009,"Barren, KY",0
21011,"Bath, KY",0
21013,"Bell, KY",0
21015,"Boone, KY",0
21017,"Bourbon, KY",0
21019,"Boyd, KY",0
21021,"Boyle, KY",0
21023,"Bracken, KY",0
21025,"Breathitt, KY",0
21027,"Breckinridge, KY",0
21029,"Bullitt, KY",0
21031,"Butler, KY",0
21033,"Caldwell, KY",0
21035,"Calloway, KY",0
21037,"Campbell, KY",0
21039,"Carlisle, KY",0
21041,"Carroll, KY",0
21043,"Carter, KY",0
21045,"Casey, KY",0
21047,"Christian, KY",0
21049,"Clark, KY",0
21051,"Clay, KY",0
21053,"Clinton, KY",0
21055,"Crittenden, KY",0
21057,"Cumberland, KY",0
21059,"Daviess, KY",0
21061,"Edmonson, KY",0
21063,"Elliott, KY",0
21065,"Estill, KY",0
21067,"Fayette, KY",1
21069,"Fleming, KY",0
21071,"Floyd, KY",0
21073,"Franklin, KY",0
21075,"Fulton, KY",0
21077,"Gallatin, KY",0
21079,"Garrard, KY",0
21081,"Grant, KY",0
21083,"Graves, KY",0
21085,"Grayson, KY",0
21087,"Green, KY",0
21089,"Greenup, KY",0
21091,"Hancock, KY",0
21093,"Hardin, KY",0
21095,"Harlan, KY",0
21097,"Harrison, KY",2
21099,"Hart, KY",0
21101,"Henderson, KY",0
21103,"Henry, KY",0
21105,"Hickman, KY",0
21107,"Hopkins, KY",0
21109,"Jackson, KY",0
21111,"Jefferson, KY",1
21113,"Jessamine, KY",0
21115,"Johnson, KY",0
21117,"Kenton, KY",0
21119,"Knott, KY",0
21121,"Knox, KY",0
21123,"Larue, KY",0
21125,"Laurel, KY",0
21127,"Lawrence, KY",0
21129,"Lee, KY",0
21131,"Leslie, KY",0
21133,"Letcher, KY",0
21135,"Lewis, KY",0
21137,"Lincoln, KY",0
21139,"Livingston, KY",0
21141,"Logan, KY",0
21143,"Lyon, KY",0
21145,"Mccracken, KY",0
21147,"Mccreary, KY",0
21149,"Mclean, KY",0
21151,"Madison, KY",0
21153,"Magoffin, KY",0
21155,"Marion, KY",0
21157,"Marshall, KY",0
21159,"Martin, KY",0
21161,"Mason, KY",0
21163,"Meade, KY",0
21165,"Menifee, KY",0
21167,"Mercer, KY",0
21169,"Metcalfe, KY",0
21171,"Monroe, KY",0
21173,"Montgomery, KY",0
21175,"Morgan, KY",0
21177,"Muhlenberg, KY",0
21179,"Nelson, KY",0
21181,"Nicholas, KY",0
21183,"Ohio, KY",0
21185,"Oldham, KY",0
21187,"Owen, KY",0
21189,"Owsley, KY",0
21191,"Pendleton, KY",0
21193,"Perry, KY",0
21195,"Pike, KY",0
21197,"Powell, KY",0
21199,"Pulaski, KY",0
21201,"Robertson, KY",0
21203,"Rockcastle, KY",0
21205,"Rowan, KY",0
21207,"Russell, KY",0
21209,"Scott, KY",0
21211,"Shelby, KY",0
21213,"Simpson, KY",0
21215,"Spencer, KY",0
21217,"Taylor, KY",0
21219,"Todd, KY",0
21221,"Trigg, KY",0
21223,"Trimble, KY",0
21225,"Union, KY",0
21227,"Warren, KY",0
21229,"Washington, KY",0
21231,"Wayne, KY",0
21233,"Webster, KY",0
21235,"Whitley, KY",0
21237,"Wolfe, KY",0
21239,"Woodford, KY",0
22000,Louisiana,77
22001,"Acadia Parish, LA",0
22003,"Allen Parish, LA",0
22005,"Ascension Parish, LA",0
22007,"Assumption Parish, LA",0
22009,"Avoyelles Parish, LA",0
22011,"Beauregard Parish, LA",0
22013,"Bienville Parish, LA",0
22015,"Bossier Parish, LA",0
22017,"Caddo Parish, LA",0
22019,"Calcasieu Parish, LA",0
22021,"Caldwell Parish, LA",0
22023,"Cameron Parish, LA",0
22025,"Catahoula Parish, LA",0
22027,"Claiborne Parish, LA",0
22029,"Concordia Parish, LA",0
22031,"De Soto Parish, LA",0
22033,"East Baton Rouge Parish, LA",0
22035,"East Carroll Parish, LA",0
22037,"East Feliciana Parish, LA",0
22039,"Evangeline Parish, LA",0
22041,"Franklin Parish, LA",0
22043,"Grant Parish, LA",0
22045,"Iberia Parish, LA",0
22047,"Iberville Parish, LA",0
22049,"Jackson Parish, LA",0
22051,"Jefferson Parish, LA",1
22053,"Jefferson Davis Parish, LA",0
22055,"Lafayette Parish, LA",0
22057,"Lafourche Parish, LA",0
22059,"La Salle Parish, LA",0
22061,"Lincoln Parish, LA",0
22063,"Livingston Parish, LA",0
22065,"Madison Parish, LA",0
22067,"Morehouse Parish, LA",0
22069,"Natchitoches Parish, LA",0
22071,"Orleans Parish, LA",0
22073,"Ouachita Parish, LA",0
22075,"Plaquemines Parish, LA",0
22077,"Pointe Coupee Parish, LA",0
22079,"Rapides Parish, LA",0
22081,"Red River Parish, LA",0
22083,"Richland Parish, LA",0
22085,"Sabine Parish, LA",0
22087,"St. Bernard Parish, LA",0
22089,"St. Charles Parish, LA",0
22091,"St. Helena Parish, LA",0
22093,"St. James Parish, LA",0
22095,"St. John The Baptist Parish, LA",0
22097,"St. Landry Parish, LA",0
22099,"St. Martin Parish, LA",0
22101,"St. Mary Parish, LA",0
22103,"St. Tammany Parish, LA",0
22105,"Tangipahoa Parish, LA",0
22107,"Tensas Parish, LA",0
22109,"Terrebonne Parish, LA",0
22111,"Union Parish, LA",0
22113,"Vermilion Parish, LA",0
22115,"Vernon Parish, LA",0
22117,"Washington Parish, LA",0
22119,"Webster Parish, LA",0
22121,"West Baton Rouge Parish, LA",0
22123,"West Carroll Parish, LA",0
22125,"West Feliciana Parish, LA",0
22127,"Winn Parish, LA",0
23000,Maine,3
23001,"Androscoggin, ME",0
23003,"Aroostook, ME",0
23005,"Cumberland, ME",0
23007,"Franklin, ME",0
23009,"Hancock, ME",0
23011,"Kennebec, ME",0
23013,"Knox, ME",0
23015,"Lincoln, ME",0
23017,"Oxford, ME",0
23019,"Penobscot, ME",0
23021,"Piscataquis, ME",0
23023,"Sagadahoc, ME",0
23025,"Somerset, ME",0
23027,"Waldo, ME",0
23029,"Washington, ME",0
23031,"York, ME",0
24000,Maryland,26
24001,"Allegany, MD",0
24003,"Anne Arundel, MD",0
24005,"Baltimore, MD",0
24009,"Calvert, MD",0
24011,"Caroline, MD",0
24013,"Carroll, MD",0
24015,"Cecil, MD",0
24017,"Charles, MD",0
24019,"Dorchester, MD",0
24021,"Frederick, MD",0
24023,"Garrett, MD",0
24025,"Harford, MD",1
24027,"Howard, MD",0
24029,"Kent, MD",0
24031,"Montgomery, MD",4
24033,"Prince George'S, MD",0
24035,"Queen Anne'S, MD",0
24037,"St. Mary'S, MD",0
24039,"Somerset, MD",0
24041,"Talbot, MD",0
24043,"Washington, MD",0
24045,"Wicomico, MD",0
24047,"Worcester, MD",0
24510,"Baltimore City, MD",0
25000,Massachusetts,138
25001,"Barnstable, MA",0
25003,"Berkshire, MA",1
25005,"Bristol, MA",0
25007,"Dukes, MA",0
25009,"Essex, MA",0
25011,"Franklin, MA",0
25013,"Hampden, MA",0
25015,"Hampshire, MA",0
25017,"Middlesex, MA",7
25019,"Nantucket, MA",0
25021,"Norfolk, MA",6
25023,"Plymouth, MA",0
25025,"Suffolk, MA",8
25027,"Worcester, MA",0
26000,Michigan,25
26001,"Alcona, MI",0
26003,"Alger, MI",0
26005,"Allegan, MI",0
26007,"Alpena, MI",0
26009,"Antrim, MI",0
26011,"Arenac, MI",0
26013,"Baraga, MI",0
26015,"Barry, MI",0
26017,"Bay, MI",0
26019,"Benzie, MI",0
26021,"Berrien, MI",0
26023,"Branch, MI",0
26025,"Calhoun, MI",0
26027,"Cass, MI",0
26029,"Charlevoix, MI",0
26031,"Cheboygan, MI",0
26033,"Chippewa, MI",0
26035,"Clare, MI",0
26037,"Clinton, MI",0
26039,"Crawford, MI",0
26041,"Delta, MI",0
26043,"Dickinson, MI",0
26045,"Eaton, MI",0
26047,"Emmet, MI",0
26049,"Genesee, MI",0
26051,"Gladwin, MI",0
26053,"Gogebic, MI",0
26055,"Grand Traverse, MI",0
26057,"Gratiot, MI",0
26059,"Hillsdale, MI",0
26061,"Houghton, MI",0
26063,"Huron, MI",0
26065,"Ingham, MI",0
26067,"Ionia, MI",0
26069,"Iosco, MI",0
26071,"Iron, MI",0
26073,"Isabella, MI",0
26075,"Jackson, MI",0
26077,"Kalamazoo, MI",0
26079,"Kalkaska, MI",0
26081,"Kent, MI",0
26083,"Keweenaw, MI",0
26085,"Lake, MI",0
26087,"Lapeer, MI",0
26089,"Leelanau, MI",0
26091,"Lenawee, MI",0
26093,"Livingston, MI",0
26095,"Luce, MI",0
26097,"Mackinac, MI",0
26099,"Macomb, MI",0
26101,"Manistee, MI",0
26103,"Marquette, MI",0
26105,"Mason, MI",0
26107,"Mecosta, MI",0
26109,"Menominee, MI",0
26111,"Midland, MI",0
26113,"Missaukee, MI",0
26115,"Monroe, MI",0
26117,"Montcalm, MI",0
26119,"Montmorency, MI",0
26121,"Muskegon, MI",0
26123,"Newaygo, MI",0
26125,"Oakland, MI",0
26127,"Oceana, MI",0
26129,"Ogemaw, MI",0
26131,"Ontonagon, MI",0
26133,"Osceola, MI",0
26135,"Oscoda, MI",0
26137,"Otsego, MI",0
26139,"Ottawa, MI",0
26141,"Presque Isle, MI",0
26143,"Roscommon, MI",0
26145,"Saginaw, MI",0
26147,"St. Clair, MI",0
26149,"St. Joseph, MI",0
26151,"Sanilac, MI",0
26153,"Schoolcraft, MI",0
26155,"Shiawassee, MI",0
26157,"Tuscola, MI",0
26159,"Van Buren, MI",0
26161,"Washtenaw, MI",0
26163,"Wayne, MI",0
26165,"Wexford, MI",0
27000,Minnesota,21
27001,"Aitkin, MN",0
27003,"Anoka, MN",0
27005,"Becker, MN",0
27007,"Beltrami, MN",0
27009,"Benton, MN",0
27011,"Big Stone, MN",0
27013,"Blue Earth, MN",0
27015,"Brown, MN",0
27017,"Carlton, MN",0
27019,"Carver, MN",1
27021,"Cass, MN",0
27023,"Chippewa, MN",0
27025,"Chisago, MN",0
27027,"Clay, MN",0
27029,"Clearwater, MN",0
27031,"Cook, MN",0
27033,"Cottonwood, MN",0
27035,"Crow Wing, MN",0
27037,"Dakota, MN",0
27039,"Dodge, MN",0
27041,"Douglas, MN",0
27043,"Faribault, MN",0
27045,"Fillmore, MN",0
27047,"Freeborn, MN",0
27049,"Goodhue, MN",0
27051,"Grant, MN",0
27053,"Hennepin, MN",0
27055,"Houston, MN",0
27057,"Hubbard, MN",0
27059,"Isanti, MN",0
27061,"Itasca, MN",0
27063,"Jackson, MN",0
27065,"Kanabec, MN",0
27067,"Kandiyohi, MN",0
27069,"Kittson, MN",0
27071,"Koochiching, MN",0
27073,"Lac Qui Parle, MN",0
27075,"Lake, MN",0
27077,"Lake Of The Woods, MN",0
27079,"Le Sueur, MN",0
27081,"Lincoln, MN",0
27083,"Lyon, MN",0
27085,"Mcleod, MN",0
27087,"Mahnomen, MN",0
27089,"Marshall, MN",0
27091,"Martin, MN",0
27093,"Meeker, MN",0
27095,"Mille Lacs, MN",0
27097,"Morrison, MN",0
27099,"Mower, MN",0
27101,"Murray, MN",0
27103,"Nicollet, MN",0
27105,"Nobles, MN",0
27107,"Norman, MN",0
27109,"Olmsted, MN",0
27111,"Otter Tail, MN",0
27113,"Pennington, MN",0
27115,"Pine, MN",0
27117,"Pipestone, MN",0
27119,"Polk, MN",0
27121,"Pope, MN",0
27123,"Ramsey, MN",1
27125,"Red Lake, MN",0
27127,"Redwood, MN",0
27129,"Renville, MN",0
27131,"Rice, MN",0
27133,"Rock, MN",0
27135,"Roseau, MN",0
27137,"St. Louis, MN",0
27139,"Scott, MN",0
27141,"Sherburne, MN",0
27143,"Sibley, MN",0
27145,"Stearns, MN",0
27147,"Steele, MN",0
27149,"Stevens, MN",0
27151,"Swift, MN",0
27153,"Todd, MN",0
27155,"Traverse, MN",0
27157,"Wabasha, MN",0
27159,"Wadena, MN",0
27161,"Waseca, MN",0
27163,"Washington, MN",0
27165,"Watonwan, MN",0
27167,"Wilkin, MN",0
27169,"Winona, MN",0
27171,"Wright, MN",0
27173,"Yellow Medicine, MN",0
28000,Mississippi,6
28001,"Adams, MS",0
28003,"Alcorn, MS",0
28005,"Amite, MS",0
28007,"Attala, MS",0
28009,"Benton, MS",0
28011,"Bolivar, MS",0
28013,"Calhoun, MS",0
28015,"Carroll, MS",0
28017,"Chickasaw, MS",0
28019,"Choctaw, MS",0
28021,"Claiborne, MS",0
28023,"Clarke, MS",0
28025,"Clay, MS",0
28027,"Coahoma, MS",0
28029,"Copiah, MS",0
28031,"Covington, MS",0
28033,"Desoto, MS",0
28035,"Forrest, MS",0
28037,"Franklin, MS",0
28039,"George, MS",0
28041,"Greene, MS",0
28043,"Grenada, MS",0
28045,"Hancock, MS",0
28047,"Harrison, MS",0
28049,"Hinds, MS",0
28051,"Holmes, MS",0
28053,"Humphreys, MS",0
28055,"Issaquena, MS",0
28057,"Itawamba, MS",0
28059,"Jackson, MS",0
28061,"Jasper, MS",0
28063,"Jefferson, MS",0
28065,"Jefferson Davis, MS",0
28067,"Jones, MS",0
28069,"Kemper, MS",0
28071,"Lafayette, MS",0
28073,"Lamar, MS",0
28075,"Lauderdale, MS",0
28077,"Lawrence, MS",0
28079,"Leake, MS",0
28081,"Lee, MS",0
28083,"Leflore, MS",0
28085,"Lincoln, MS",0
28087,"Lowndes, MS",0
28089,"Madison, MS",0
28091,"Marion, MS",0
28093,"Marshall, MS",0
28095,"Monroe, MS",0
28097,"Montgomery, MS",0
28099,"Neshoba, MS",0
28101,"Newton, MS",0
28103,"Noxubee, MS",0
28105,"Oktibbeha, MS",0
28107,"Panola, MS",0
28109,"Pearl River, MS",0
28111,"Perry, MS",0
28113,"Pike, MS",0
28115,"Pontotoc, MS",0
28117,"Prentiss, MS",0
28119,"Quitman, MS",0
28121,"Rankin, MS",0
28123,"Scott, MS",0
28125,"Sharkey, MS",0
28127,"Simpson, MS",0
28129,"Smith, MS",0
28131,"Stone, MS",0
28133,"Sunflower, MS",0
28135,"Tallahatchie, MS",0
28137,"Tate, MS",0
28139,"Tippah, MS",0
28141,"Tishomingo, MS",0
28143,"Tunica, MS",0
28145,"Union, MS",0
28147,"Walthall, MS",0
28149,"Warren, MS",0
28151,"Washington, MS",0
28153,"Wayne, MS",0
28155,"Webster, MS",0
28157,"Wilkinson, MS",0
28159,"Winston, MS",0
28161,"Yalobusha, MS",0
28163,"Yazoo, MS",0
29000,Missouri,4
29001,"Adair, MO",0
29003,"Andrew, MO",0
29005,"Atchison, MO",0
29007,"Audrain, MO",0
29009,"Barry, MO",0
29011,"Barton, MO",0
29013,"Bates, MO",0
29015,"Benton, MO",0
29017,"Bollinger, MO",0
29019,"Boone, MO",0
29021,"Buchanan, MO",0
29023,"Butler, MO",0
29025,"Caldwell, MO",0
29027,"Callaway, MO",0
29029,"Camden, MO",0
29031,"Cape Girardeau, MO",0
29033,"Carroll, MO",0
29035,"Carter, MO",0
29037,"Cass, MO",0
29039,"Cedar, MO",0
29041,"Chariton, MO",0
29043,"Christian, MO",0
29045,"Clark, MO",0
29047,"Clay, MO",0
29049,"Clinton, MO",0
29051,"Cole, MO",0
29053,"Cooper, MO",0
29055,"Crawford, MO",0
29057,"Dade, MO",0
29059,"Dallas, MO",0
29061,"Daviess, MO",0
29063,"Dekalb, MO",0
29065,"Dent, MO",0
29067,"Douglas, MO",0
29069,"Dunklin, MO",0
29071,"Franklin, MO",0
29073,"Gasconade, MO",0
29075,"Gentry, MO",0
29077,"Greene, MO",0
29079,"Grundy, MO",0
29081,"Harrison, MO",0
29083,"Henry, MO",0
29085,"Hickory, MO",0
29087,"Holt, MO",0
29089,"Howard, MO",0
29091,"Howell, MO",0
29093,"Iron, MO",0
29095,"Jackson, MO",0
29097,"Jasper, MO",0
29099,"Jefferson, MO",0
29101,"Johnson, MO",0
29103,"Knox, MO",0
29105,"Laclede, MO",0
29107,"Lafayette, MO",0
29109,"Lawrence, MO",0
29111,"Lewis, MO",0
29113,"Lincoln, MO",0
29115,"Linn, MO",0
29117,"Livingston, MO",0
29119,"Mcdonald, MO",0
29121,"Macon, MO",0
29123,"Madison, MO",0
29125,"Maries, MO",0
29127,"Marion, MO",0
29129,"Mercer, MO",0
29131,"Miller, MO",0
29133,"Mississippi, MO",0
29135,"Moniteau, MO",0
29137,"Monroe, MO",0
29139,"Montgomery, MO",0
29141,"Morgan, MO",0
29143,"New Madrid, MO",0
29145,"Newton, MO",0
29147,"Nodaway, MO",0
29149,"Oregon, MO",0
29151,"Osage, MO",0
29153,"Ozark, MO",0
29155,"Pemiscot, MO",0
29157,"Perry, MO",0
29159,"Pettis, MO",0
29161,"Phelps, MO",0
29163,"Pike, MO",0
29165,"Platte, MO",0
29167,"Polk, MO",0
29169,"Pulaski, MO",0
29171,"Putnam, MO",0
29173,"Ralls, MO",0
29175,"Randolph, MO",0
29177,"Ray, MO",0
29179,"Reynolds, MO",0
29181,"Ripley, MO",0
29183,"St. Charles, MO",0
29185,"St. Clair, MO",0
29186,"Ste. Genevieve, MO",0
29187,"St. Francois, MO",0
29189,"St. Louis, MO",1
29195,"Saline, MO",0
29197,"Schuyler, MO",0
29199,"Scotland, MO",0
29201,"Scott, MO",0
29203,"Shannon, MO",0
29205,"Shelby, MO",0
29207,"Stoddard, MO",0
29209,"Stone, MO",0
29211,"Sullivan, MO",0
29213,"Taney, MO",0
29215,"Texas, MO",0
29217,"Vernon, MO",0
29219,"Warren, MO",0
29221,"Washington, MO",0
29223,"Wayne, MO",0
29225,"Webster, MO",0
29227,"Worth, MO",0
29229,"Wright, MO",0
29510,"St. Louis City, MO",0
30000,Montana,5
30001,"Beaverhead, MT",0
30003,"Big Horn, MT",0
30005,"Blaine, MT",0
30007,"Broadwater, MT",0
30009,"Carbon, MT",0
30011,"Carter, MT",0
30013,"Cascade, MT",0
30015,"Chouteau, MT",0
30017,"Custer, MT",0
30019,"Daniels, MT",0
30021,"Dawson, MT",0
30023,"Deer Lodge, MT",0
30025,"Fallon, MT",0
30027,"Fergus, MT",0
30029,"Flathead, MT",0
30031,"Gallatin, MT",0
30033,"Garfield, MT",0
30035,"Glacier, MT",0
30037,"Golden Valley, MT",0
30039,"Granite, MT",0
30041,"Hill, MT",0
30043,"Jefferson, MT",0
30045,"Judith Basin, MT",0
30047,"Lake, MT",0
30049,"Lewis And Clark, MT",0
30051,"Liberty, MT",0
30053,"Lincoln, MT",0
30055,"Mccone, MT",0
30057,"Madison, MT",0
30059,"Meagher, MT",0
30061,"Mineral, MT",0
30063,"Missoula, MT",0
30065,"Musselshell, MT",0
30067,"Park, MT",0
30069,"Petroleum, MT",0
30071,"Phillips, MT",0
30073,"Pondera, MT",0
30075,"Powder River, MT",0
30077,"Powell, MT",0
30079,"Prairie, MT",0
30081,"Ravalli, MT",0
30083,"Richland, MT",0
30085,"Roosevelt, MT",0
30087,"Rosebud, MT",0
30089,"Sanders, MT",0
30091,"Sheridan, MT",0
30093,"Silver Bow, MT",0
30095,"Stillwater, MT",0
30097,"Sweet Grass, MT",0
30099,"Teton, MT",0
30101,"Toole, MT",0
30103,"Treasure, MT",0
30105,"Valley, MT",0
30107,"Wheatland, MT",0
30109,"Wibaux, MT",0
30111,"Yellowstone, MT",0
31000,Nebraska,14
31001,"Adams, NE",0
31003,"Antelope, NE",0
31005,"Arthur, NE",0
31007,"Banner, NE",0
31009,"Blaine, NE",0
31011,"Boone, NE",0
31013,"Box Butte, NE",0
31015,"Boyd, NE",0
31017,"Brown, NE",0
31019,"Buffalo, NE",0
31021,"Burt, NE",0
31023,"Butler, NE",0
31025,"Cass, NE",0
31027,"Cedar, NE",0
31029,"Chase, NE",0
31031,"Cherry, NE",0
31033,"Cheyenne, NE",0
31035,"Clay, NE",0
31037,"Colfax, NE",0
31039,"Cuming, NE",0
31041,"Custer, NE",0
31043,"Dakota, NE",0
31045,"Dawes, NE",0
31047,"Dawson, NE",0
31049,"Deuel, NE",0
31051,"Dixon, NE",0
31053,"Dodge, NE",0
31055,"Douglas, NE",3
31057,"Dundy, NE",0
31059,"Fillmore, NE",0
31061,"Franklin, NE",0
31063,"Frontier, NE",0
31065,"Furnas, NE",0
31067,"Gage, NE",0
31069,"Garden, NE",0
31071,"Garfield, NE",0
31073,"Gosper, NE",0
31075,"Grant, NE",0
31077,"Greeley, NE",0
31079,"Hall, NE",0
31081,"Hamilton, NE",0
31083,"Harlan, NE",0
31085,"Hayes, NE",0
31087,"Hitchcock, NE",0
31089,"Holt, NE",0
31091,"Hooker, NE",0
31093,"Howard, NE",0
31095,"Jefferson, NE",0
31097,"Johnson, NE",0
31099,"Kearney, NE",0
31101,"Keith, NE",0
31103,"Keya Paha, NE",0
31105,"Kimball, NE",0
31107,"Knox, NE",0
31109,"Lancaster, NE",0
31111,"Lincoln, NE",0
31113,"Logan, NE",0
31115,"Loup, NE",0
31117,"Mcpherson, NE",0
31119,"Madison, NE",0
31121,"Merrick, NE",0
31123,"Morrill, NE",0
31125,"Nance, NE",0
31127,"Nemaha, NE",0
31129,"Nuckolls, NE",0
31131,"Otoe, NE",0
31133,"Pawnee, NE",0
31135,"Perkins, NE",0
31137,"Phelps, NE",0
31139,"Pierce, NE",0
31141,"Platte, NE",0
31143,"Polk, NE",0
31145,"Red Willow, NE",0
31147,"Richardson, NE",0
31149,"Rock, NE",0
31151,"Saline, NE",0
31153,"Sarpy, NE",0
31155,"Saunders, NE",0
31157,"Scotts Bluff, NE",0
31159,"Seward, NE",0
31161,"Sheridan, NE",0
31163,"Sherman, NE",0
31165,"Sioux, NE",0
31167,"Stanton, NE",0
31169,"Thayer, NE",0
31171,"Thomas, NE",0
31173,"Thurston, NE",0
31175,"Valley, NE",0
31177,"Washington, NE",0
31179,"Wayne, NE",0
31181,"Webster, NE",0
31183,"Wheeler, NE",0
31185,"York, NE",0
32000,Nevada,21
32001,"Churchill, NV",0
32003,"Clark, NV",2
32005,"Douglas, NV",0
32007,"Elko, NV",0
32009,"Esmeralda, NV",0
32011,"Eureka, NV",0
32013,"Humboldt, NV",0
32015,"Lander, NV",0
32017,"Lincoln, NV",0
32019,"Lyon, NV",0
32021,"Mineral, NV",0
32023,"Nye, NV",0
32027,"Pershing, NV",0
32029,"Storey, NV",0
32031,"Washoe, NV",2
32033,"White Pine, NV",0
32510,"Carson City, NV",0
33000,New Hampshire,7
33001,"Belknap, NH",0
33003,"Carroll, NH",0
33005,"Cheshire, NH",0
33007,"Coos, NH",0
33009,"Grafton, NH",3
33011,"Hillsborough, NH",0
33013,"Merrimack, NH",0
33015,"Rockingham, NH",1
33017,"Strafford, NH",0
33019,"Sullivan, NH",0
34000,New Jersey,69
34001,"Atlantic, NJ",0
34003,"Bergen, NJ",4
34005,"Burlington, NJ",0
34007,"Camden, NJ",0
34009,"Cape May, NJ",0
34011,"Cumberland, NJ",0
34013,"Essex, NJ",0
34015,"Gloucester, NJ",0
34017,"Hudson, NJ",1
34019,"Hunterdon, NJ",0
34021,"Mercer, NJ",0
34023,"Middlesex, NJ",0
34025,"Monmouth, NJ",0
34027,"Morris, NJ",0
34029,"Ocean, NJ",0
34031,"Passaic, NJ",0
34033,"Salem, NJ",0
34035,"Somerset, NJ",0
34037,"Sussex, NJ",0
34039,"Union, NJ",0
34041,"Warren, NJ",0
35000,New Mexico,10
35001,"Bernalillo, NM",0
35003,"Catron, NM",0
35005,"Chaves, NM",0
35006,"Cibola, NM",0
35007,"Colfax, NM",0
35009,"Curry, NM",0
35011,"De Baca, NM",0
35013,"DoÌ±A Ana, NM",0
35015,"Eddy, NM",0
35017,"Grant, NM",0
35019,"Guadalupe, NM",0
35021,"Harding, NM",0
35023,"Hidalgo, NM",0
35025,"Lea, NM",0
35027,"Lincoln, NM",0
35028,"Los Alamos, NM",0
35029,"Luna, NM",0
35031,"Mckinley, NM",0
35033,"Mora, NM",0
35035,"Otero, NM",0
35037,"Quay, NM",0
35039,"Rio Arriba, NM",0
35041,"Roosevelt, NM",0
35043,"Sandoval, NM",0
35045,"San Juan, NM",0
35047,"San Miguel, NM",0
35049,"Santa Fe, NM",0
35051,"Sierra, NM",0
35053,"Socorro, NM",0
35055,"Taos, NM",0
35057,"Torrance, NM",0
35059,"Union, NM",0
35061,"Valencia, NM",0
36000,New York,525
36001,"Albany, NY",0
36003,"Allegany, NY",0
36005,"Bronx, NY",0
36007,"Broome, NY",0
36009,"Cattaraugus, NY",0
36011,"Cayuga, NY",0
36013,"Chautauqua, NY",0
36015,"Chemung, NY",0
36017,"Chenango, NY",0
36019,"Clinton, NY",0
36021,"Columbia, NY",0
36023,"Cortland, NY",0
36025,"Delaware, NY",0
36027,"Dutchess, NY",0
36029,"Erie, NY",0
36031,"Essex, NY",0
36033,"Franklin, NY",0
36035,"Fulton, NY",0
36037,"Genesee, NY",0
36039,"Greene, NY",0
36041,"Hamilton, NY",0
36043,"Herkimer, NY",0
36045,"Jefferson, NY",0
36047,"Kings, NY",0
36049,"Lewis, NY",0
36051,"Livingston, NY",0
36053,"Madison, NY",0
36055,"Monroe, NY",0
36057,"Montgomery, NY",0
36059,"Nassau, NY",17
36061,"New York, NY",19
36063,"Niagara, NY",0
36065,"Oneida, NY",0
36067,"Onondaga, NY",0
36069,"Ontario, NY",0
36071,"Orange, NY",0
36073,"Orleans, NY",0
36075,"Oswego, NY",0
36077,"Otsego, NY",0
36079,"Putnam, NY",0
36081,"Queens, NY",0
36083,"Rensselaer, NY",0
36085,"Richmond, NY",0
36087,"Rockland, NY",4
36089,"St. Lawrence, NY",0
36091,"Saratoga, NY",2
36093,"Schenectady, NY",0
36095,"Schoharie, NY",0
36097,"Schuyler, NY",0
36099,"Seneca, NY",0
36101,"Steuben, NY",0
36103,"Suffolk, NY",1
36105,"Sullivan, NY",0
36107,"Tioga, NY",0
36109,"Tompkins, NY",0
36111,"Ulster, NY",1
36113,"Warren, NY",0
36115,"Washington, NY",0
36117,"Wayne, NY",0
36119,"Westchester, NY",98
36121,"Wyoming, NY",0
36123,"Yates, NY",0
37000,North Carolina,24
37001,"Alamance, NC",0
37003,"Alexander, NC",0
37005,"Alleghany, NC",0
37007,"Anson, NC",0
37009,"Ashe, NC",0
37011,"Avery, NC",0
37013,"Beaufort, NC",0
37015,"Bertie, NC",0
37017,"Bladen, NC",0
37019,"Brunswick, NC",0
37021,"Buncombe, NC",0
37023,"Burke, NC",0
37025,"Cabarrus, NC",0
37027,"Caldwell, NC",0
37029,"Camden, NC",0
37031,"Carteret, NC",0
37033,"Caswell, NC",0
37035,"Catawba, NC",0
37037,"Chatham, NC",1
37039,"Cherokee, NC",0
37041,"Chowan, NC",0
37043,"Clay, NC",0
37045,"Cleveland, NC",0
37047,"Columbus, NC",0
37049,"Craven, NC",0
37051,"Cumberland, NC",0
37053,"Currituck, NC",0
37055,"Dare, NC",0
37057,"Davidson, NC",0
37059,"Davie, NC",0
37061,"Duplin, NC",0
37063,"Durham, NC",0
37065,"Edgecombe, NC",0
37067,"Forsyth, NC",0
37069,"Franklin, NC",0
37071,"Gaston, NC",0
37073,"Gates, NC",0
37075,"Graham, NC",0
37077,"Granville, NC",0
37079,"Greene, NC",0
37081,"Guilford, NC",0
37083,"Halifax, NC",0
37085,"Harnett, NC",0
37087,"Haywood, NC",0
37089,"Henderson, NC",0
37091,"Hertford, NC",0
37093,"Hoke, NC",0
37095,"Hyde, NC",0
37097,"Iredell, NC",0
37099,"Jackson, NC",0
37101,"Johnston, NC",0
37103,"Jones, NC",0
37105,"Lee, NC",0
37107,"Lenoir, NC",0
37109,"Lincoln, NC",0
37111,"Mcdowell, NC",0
37113,"Macon, NC",0
37115,"Madison, NC",0
37117,"Martin, NC",0
37119,"Mecklenburg, NC",0
37121,"Mitchell, NC",0
37123,"Montgomery, NC",0
37125,"Moore, NC",0
37127,"Nash, NC",0
37129,"New Hanover, NC",0
37131,"Northampton, NC",0
37133,"Onslow, NC",0
37135,"Orange, NC",0
37137,"Pamlico, NC",0
37139,"Pasquotank, NC",0
37141,"Pender, NC",0
37143,"Perquimans, NC",0
37145,"Person, NC",0
37147,"Pitt, NC",0
37149,"Polk, NC",0
37151,"Randolph, NC",0
37153,"Richmond, NC",0
37155,"Robeson, NC",0
37157,"Rockingham, NC",0
37159,"Rowan, NC",0
37161,"Rutherford, NC",0
37163,"Sampson, NC",0
37165,"Scotland, NC",0
37167,"Stanly, NC",0
37169,"Stokes, NC",0
37171,"Surry, NC",0
37173,"Swain, NC",0
37175,"Transylvania, NC",0
37177,"Tyrrell, NC",0
37179,"Union, NC",0
37181,"Vance, NC",0
37183,"Wake, NC",1
37185,"Warren, NC",0
37187,"Washington, NC",0
37189,"Watauga, NC",0
37191,"Wayne, NC",0
37193,"Wilkes, NC",0
37195,"Wilson, NC",0
37197,"Yadkin, NC",0
37199,"Yancey, NC",0
38000,North Dakota,1
38001,"Adams, ND",0
38003,"Barnes, ND",0
38005,"Benson, ND",0
38007,"Billings, ND",0
38009,"Bottineau, ND",0
38011,"Bowman, ND",0
38013,"Burke, ND",0
38015,"Burleigh, ND",0
38017,"Cass, ND",0
38019,"Cavalier, ND",0
38021,"Dickey, ND",0
38023,"Divide, ND",0
38025,"Dunn, ND",0
38027,"Eddy, ND",0
38029,"Emmons, ND",0
38031,"Foster, ND",0
38033,"Golden Valley, ND",0
38035,"Grand Forks, ND",0
38037,"Grant, ND",0
38039,"Griggs, ND",0
38041,"Hettinger, ND",0
38043,"Kidder, ND",0
38045,"Lamoure, ND",0
38047,"Logan, ND",0
38049,"Mchenry, ND",0
38051,"Mcintosh, ND",0
38053,"Mckenzie, ND",0
38055,"Mclean, ND",0
38057,"Mercer, ND",0
38059,"Morton, ND",0
38061,"Mountrail, ND",0
38063,"Nelson, ND",0
38065,"Oliver, ND",0
38067,"Pembina, ND",0
38069,"Pierce, ND",0
38071,"Ramsey, ND",0
38073,"Ransom, ND",0
38075,"Renville, ND",0
38077,"Richland, ND",0
38079,"Rolette, ND",0
38081,"Sargent, ND",0
38083,"Sheridan, ND",0
38085,"Sioux, ND",0
38087,"Slope, ND",0
38089,"Stark, ND",0
38091,"Steele, ND",0
38093,"Stutsman, ND",0
38095,"Towner, ND",0
38097,"Traill, ND",0
38099,"Walsh, ND",0
38101,"Ward, ND",0
38103,"Wells, ND",0
38105,"Williams, ND",0
39000,Ohio,26
39001,"Adams, OH",0
39003,"Allen, OH",0
39005,"Ashland, OH",0
39007,"Ashtabula, OH",0
39009,"Athens, OH",0
39011,"Auglaize, OH",0
39013,"Belmont, OH",0
39015,"Brown, OH",0
39017,"Butler, OH",0
39019,"Carroll, OH",0
39021,"Champaign, OH",0
39023,"Clark, OH",0
39025,"Clermont, OH",0
39027,"Clinton, OH",0
39029,"Columbiana, OH",0
39031,"Coshocton, OH",0
39033,"Crawford, OH",0
39035,"Cuyahoga, OH",0
39037,"Darke, OH",0
39039,"Defiance, OH",0
39041,"Delaware, OH",0
39043,"Erie, OH",0
39045,"Fairfield, OH",0
39047,"Fayette, OH",0
39049,"Franklin, OH",0
39051,"Fulton, OH",0
39053,"Gallia, OH",0
39055,"Geauga, OH",0
39057,"Greene, OH",0
39059,"Guernsey, OH",0
39061,"Hamilton, OH",0
39063,"Hancock, OH",0
39065,"Hardin, OH",0
39067,"Harrison, OH",0
39069,"Henry, OH",0
39071,"Highland, OH",0
39073,"Hocking, OH",0
39075,"Holmes, OH",0
39077,"Huron, OH",0
39079,"Jackson, OH",0
39081,"Jefferson, OH",0
39083,"Knox, OH",0
39085,"Lake, OH",0
39087,"Lawrence, OH",0
39089,"Licking, OH",0
39091,"Logan, OH",0
39093,"Lorain, OH",0
39095,"Lucas, OH",0
39097,"Madison, OH",0
39099,"Mahoning, OH",0
39101,"Marion, OH",0
39103,"Medina, OH",0
39105,"Meigs, OH",0
39107,"Mercer, OH",0
39109,"Miami, OH",0
39111,"Monroe, OH",0
39113,"Montgomery, OH",0
39115,"Morgan, OH",0
39117,"Morrow, OH",0
39119,"Muskingum, OH",0
39121,"Noble, OH",0
39123,"Ottawa, OH",0
39125,"Paulding, OH",0
39127,"Perry, OH",0
39129,"Pickaway, OH",0
39131,"Pike, OH",0
39133,"Portage, OH",0
39135,"Preble, OH",0
39137,"Putnam, OH",0
39139,"Richland, OH",0
39141,"Ross, OH",0
39143,"Sandusky, OH",0
39145,"Scioto, OH",0
39147,"Seneca, OH",0
39149,"Shelby, OH",0
39151,"Stark, OH",0
39153,"Summit, OH",0
39155,"Trumbull, OH",0
39157,"Tuscarawas, OH",0
39159,"Union, OH",0
39161,"Van Wert, OH",0
39163,"Vinton, OH",0
39165,"Warren, OH",0
39167,"Washington, OH",0
39169,"Wayne, OH",0
39171,"Williams, OH",0
39173,"Wood, OH",0
39175,"Wyandot, OH",0
40000,Oklahoma,4
40001,"Adair, OK",0
40003,"Alfalfa, OK",0
40005,"Atoka, OK",0
40007,"Beaver, OK",0
40009,"Beckham, OK",0
40011,"Blaine, OK",0
40013,"Bryan, OK",0
40015,"Caddo, OK",0
40017,"Canadian, OK",0
40019,"Carter, OK",0
40021,"Cherokee, OK",0
40023,"Choctaw, OK",0
40025,"Cimarron, OK",0
40027,"Cleveland, OK",0
40029,"Coal, OK",0
40031,"Comanche, OK",0
40033,"Cotton, OK",0
40035,"Craig, OK",0
40037,"Creek, OK",0
40039,"Custer, OK",0
40041,"Delaware, OK",0
40043,"Dewey, OK",0
40045,"Ellis, OK",0
40047,"Garfield, OK",0
40049,"Garvin, OK",0
40051,"Grady, OK",0
40053,"Grant, OK",0
40055,"Greer, OK",0
40057,"Harmon, OK",0
40059,"Harper, OK",0
40061,"Haskell, OK",0
40063,"Hughes, OK",0
40065,"Jackson, OK",0
40067,"Jefferson, OK",0
40069,"Johnston, OK",0
40071,"Kay, OK",0
40073,"Kingfisher, OK",0
40075,"Kiowa, OK",0
40077,"Latimer, OK",0
40079,"Le Flore, OK",0
40081,"Lincoln, OK",0
40083,"Logan, OK",0
40085,"Love, OK",0
40087,"Mcclain, OK",0
40089,"Mccurtain, OK",0
40091,"Mcintosh, OK",0
40093,"Major, OK",0
40095,"Marshall, OK",0
40097,"Mayes, OK",0
40099,"Murray, OK",0
40101,"Muskogee, OK",0
40103,"Noble, OK",0
40105,"Nowata, OK",0
40107,"Okfuskee, OK",0
40109,"Oklahoma, OK",0
40111,"Okmulgee, OK",0
40113,"Osage, OK",0
40115,"Ottawa, OK",0
40117,"Pawnee, OK",0
40119,"Payne, OK",0
40121,"Pittsburg, OK",0
40123,"Pontotoc, OK",0
40125,"Pottawatomie, OK",0
40127,"Pushmataha, OK",0
40129,"Roger Mills, OK",0
40131,"Rogers, OK",0
40133,"Seminole, OK",0
40135,"Sequoyah, OK",0
40137,"Stephens, OK",0
40139,"Texas, OK",0
40141,"Tillman, OK",0
40143,"Tulsa, OK",1
40145,"Wagoner, OK",0
40147,"Washington, OK",0
40149,"Washita, OK",0
40151,"Woods, OK",0
40153,"Woodward, OK",0
41000,Oregon,32
41001,"Baker, OR",0
41003,"Benton, OR",0
41005,"Clackamas, OR",0
41007,"Clatsop, OR",0
41009,"Columbia, OR",0
41011,"Coos, OR",0
41013,"Crook, OR",0
41015,"Curry, OR",0
41017,"Deschutes, OR",0
41019,"Douglas, OR",1
41021,"Gilliam, OR",0
41023,"Grant, OR",0
41025,"Harney, OR",0
41027,"Hood River, OR",0
41029,"Jackson, OR",0
41031,"Jefferson, OR",0
41033,"Josephine, OR",0
41035,"Klamath, OR",1
41037,"Lake, OR",0
41039,"Lane, OR",0
41041,"Lincoln, OR",0
41043,"Linn, OR",0
41045,"Malheur, OR",0
41047,"Marion, OR",1
41049,"Morrow, OR",0
41051,"Multnomah, OR",0
41053,"Polk, OR",0
41055,"Sherman, OR",0
41057,"Tillamook, OR",0
41059,"Umatilla, OR",1
41061,"Union, OR",0
41063,"Wallowa, OR",0
41065,"Wasco, OR",0
41067,"Washington, OR",8
41069,"Wheeler, OR",0
41071,"Yamhill, OR",0
42000,Pennsylvania,47
42001,"Adams, PA",0
42003,"Allegheny, PA",0
42005,"Armstrong, PA",0
42007,"Beaver, PA",0
42009,"Bedford, PA",0
42011,"Berks, PA",0
42013,"Blair, PA",0
42015,"Bradford, PA",0
42017,"Bucks, PA",0
42019,"Butler, PA",0
42021,"Cambria, PA",0
42023,"Cameron, PA",0
42025,"Carbon, PA",0
42027,"Centre, PA",0
42029,"Chester, PA",0
42031,"Clarion, PA",0
42033,"Clearfield, PA",0
42035,"Clinton, PA",0
42037,"Columbia, PA",0
42039,"Crawford, PA",0
42041,"Cumberland, PA",0
42043,"Dauphin, PA",0
42045,"Delaware, PA",1
42047,"Elk, PA",0
42049,"Erie, PA",0
42051,"Fayette, PA",0
42053,"Forest, PA",0
42055,"Franklin, PA",0
42057,"Fulton, PA",0
42059,"Greene, PA",0
42061,"Huntingdon, PA",0
42063,"Indiana, PA",0
42065,"Jefferson, PA",0
42067,"Juniata, PA",0
42069,"Lackawanna, PA",0
42071,"Lancaster, PA",0
42073,"Lawrence, PA",0
42075,"Lebanon, PA",0
42077,"Lehigh, PA",0
42079,"Luzerne, PA",0
42081,"Lycoming, PA",0
42083,"Mckean, PA",0
42085,"Mercer, PA",0
42087,"Mifflin, PA",0
42089,"Monroe, PA",0
42091,"Montgomery, PA",5
42093,"Montour, PA",0
42095,"Northampton, PA",0
42097,"Northumberland, PA",0
42099,"Perry, PA",0
42101,"Philadelphia, PA",0
42103,"Pike, PA",0
42105,"Potter, PA",0
42107,"Schuylkill, PA",0
42109,"Snyder, PA",0
42111,"Somerset, PA",0
42113,"Sullivan, PA",0
42115,"Susquehanna, PA",0
42117,"Tioga, PA",0
42119,"Union, PA",0
42121,"Venango, PA",0
42123,"Warren, PA",0
42125,"Washington, PA",0
42127,"Wayne, PA",1
42129,"Westmoreland, PA",0
42131,"Wyoming, PA",0
42133,"York, PA",0
44000,Rhode Island,20
44001,"Bristol, RI",0
44003,"Kent, RI",0
44005,"Newport, RI",0
44007,"Providence, RI",3
44009,"Washington, RI",0
45000,South Carolina,19
45001,"Abbeville, SC",0
45003,"Aiken, SC",0
45005,"Allendale, SC",0
45007,"Anderson, SC",0
45009,"Bamberg, SC",0
45011,"Barnwell, SC",0
45013,"Beaufort, SC",0
45015,"Berkeley, SC",0
45017,"Calhoun, SC",0
45019,"Charleston, SC",1
45021,"Cherokee, SC",0
45023,"Chester, SC",0
45025,"Chesterfield, SC",0
45027,"Clarendon, SC",0
45029,"Colleton, SC",0
45031,"Darlington, SC",0
45033,"Dillon, SC",0
45035,"Dorchester, SC",0
45037,"Edgefield, SC",0
45039,"Fairfield, SC",0
45041,"Florence, SC",0
45043,"Georgetown, SC",0
45045,"Greenville, SC",0
45047,"Greenwood, SC",0
45049,"Hampton, SC",0
45051,"Horry, SC",0
45053,"Jasper, SC",0
45055,"Kershaw, SC",1
45057,"Lancaster, SC",0
45059,"Laurens, SC",0
45061,"Lee, SC",0
45063,"Lexington, SC",0
45065,"Mccormick, SC",0
45067,"Marion, SC",0
45069,"Marlboro, SC",0
45071,"Newberry, SC",0
45073,"Oconee, SC",0
45075,"Orangeburg, SC",0
45077,"Pickens, SC",0
45079,"Richland, SC",0
45081,"Saluda, SC",0
45083,"Spartanburg, SC",1
45085,"Sumter, SC",0
45087,"Union, SC",0
45089,"Williamsburg, SC",0
45091,"York, SC",0
46000,South Dakota,9
46003,"Aurora, SD",0
46005,"Beadle, SD",0
46007,"Bennett, SD",0
46009,"Bon Homme, SD",0
46011,"Brookings, SD",0
46013,"Brown, SD",0
46015,"Brule, SD",0
46017,"Buffalo, SD",0
46019,"Butte, SD",0
46021,"Campbell, SD",0
46023,"Charles Mix, SD",0
46025,"Clark, SD",0
46027,"Clay, SD",0
46029,"Codington, SD",0
46031,"Corson, SD",0
46033,"Custer, SD",0
46035,"Davison, SD",0
46037,"Day, SD",0
46039,"Deuel, SD",0
46041,"Dewey, SD",0
46043,"Douglas, SD",0
46045,"Edmunds, SD",0
46047,"Fall River, SD",0
46049,"Faulk, SD",0
46051,"Grant, SD",0
46053,"Gregory, SD",0
46055,"Haakon, SD",0
46057,"Hamlin, SD",0
46059,"Hand, SD",0
46061,"Hanson, SD",0
46063,"Harding, SD",0
46065,"Hughes, SD",0
46067,"Hutchinson, SD",0
46069,"Hyde, SD",0
46071,"Jackson, SD",0
46073,"Jerauld, SD",0
46075,"Jones, SD",0
46077,"Kingsbury, SD",0
46079,"Lake, SD",0
46081,"Lawrence, SD",0
46083,"Lincoln, SD",0
46085,"Lyman, SD",0
46087,"Mccook, SD",0
46089,"Mcpherson, SD",0
46091,"Marshall, SD",0
46093,"Meade, SD",0
46095,"Mellette, SD",0
46097,"Miner, SD",0
46099,"Minnehaha, SD",0
46101,"Moody, SD",0
46103,"Pennington, SD",0
46105,"Perkins, SD",0
46107,"Potter, SD",0
46109,"Roberts, SD",0
46111,"Sanborn, SD",0
46113,"Shannon, SD",0
46115,"Spink, SD",0
46117,"Stanley, SD",0
46119,"Sully, SD",0
46121,"Todd, SD",0
46123,"Tripp, SD",0
46125,"Turner, SD",0
46127,"Union, SD",0
46129,"Walworth, SD",0
46135,"Yankton, SD",0
46137,"Ziebach, SD",0
47000,Tennessee,32
47001,"Anderson, TN",0
47003,"Bedford, TN",0
47005,"Benton, TN",0
47007,"Bledsoe, TN",0
47009,"Blount, TN",0
47011,"Bradley, TN",0
47013,"Campbell, TN",0
47015,"Cannon, TN",0
47017,"Carroll, TN",0
47019,"Carter, TN",0
47021,"Cheatham, TN",0
47023,"Chester, TN",0
47025,"Claiborne, TN",0
47027,"Clay, TN",0
47029,"Cocke, TN",0
47031,"Coffee, TN",0
47033,"Crockett, TN",0
47035,"Cumberland, TN",0
47037,"Davidson, TN",1
47039,"Decatur, TN",0
47041,"Dekalb, TN",0
47043,"Dickson, TN",0
47045,"Dyer, TN",0
47047,"Fayette, TN",0
47049,"Fentress, TN",0
47051,"Franklin, TN",0
47053,"Gibson, TN",0
47055,"Giles, TN",0
47057,"Grainger, TN",0
47059,"Greene, TN",0
47061,"Grundy, TN",0
47063,"Hamblen, TN",0
47065,"Hamilton, TN",0
47067,"Hancock, TN",0
47069,"Hardeman, TN",0
47071,"Hardin, TN",0
47073,"Hawkins, TN",0
47075,"Haywood, TN",0
47077,"Henderson, TN",0
47079,"Henry, TN",0
47081,"Hickman, TN",0
47083,"Houston, TN",0
47085,"Humphreys, TN",0
47087,"Jackson, TN",0
47089,"Jefferson, TN",0
47091,"Johnson, TN",0
47093,"Knox, TN",0
47095,"Lake, TN",0
47097,"Lauderdale, TN",0
47099,"Lawrence, TN",0
47101,"Lewis, TN",0
47103,"Lincoln, TN",0
47105,"Loudon, TN",0
47107,"Mcminn, TN",0
47109,"Mcnairy, TN",0
47111,"Macon, TN",0
47113,"Madison, TN",0
47115,"Marion, TN",0
47117,"Marshall, TN",0
47119,"Maury, TN",0
47121,"Meigs, TN",0
47123,"Monroe, TN",0
47125,"Montgomery, TN",0
47127,"Moore, TN",0
47129,"Morgan, TN",0
47131,"Obion, TN",0
47133,"Overton, TN",0
47135,"Perry, TN",0
47137,"Pickett, TN",0
47139,"Polk, TN",0
47141,"Putnam, TN",0
47143,"Rhea, TN",0
47145,"Roane, TN",0
47147,"Robertson, TN",0
47149,"Rutherford, TN",0
47151,"Scott, TN",0
47153,"Sequatchie, TN",0
47155,"Sevier, TN",0
47157,"Shelby, TN",1
47159,"Smith, TN",0
47161,"Stewart, TN",0
47163,"Sullivan, TN",0
47165,"Sumner, TN",0
47167,"Tipton, TN",0
47169,"Trousdale, TN",0
47171,"Unicoi, TN",0
47173,"Union, TN",0
47175,"Van Buren, TN",0
47177,"Warren, TN",0
47179,"Washington, TN",0
47181,"Wayne, TN",0
47183,"Weakley, TN",0
47185,"White, TN",0
47187,"Williamson, TN",1
47189,"Wilson, TN",0
48000,Texas,57
48001,"Anderson, TX",0
48003,"Andrews, TX",0
48005,"Angelina, TX",0
48007,"Aransas, TX",0
48009,"Archer, TX",0
48011,"Armstrong, TX",0
48013,"Atascosa, TX",0
48015,"Austin, TX",0
48017,"Bailey, TX",0
48019,"Bandera, TX",0
48021,"Bastrop, TX",0
48023,"Baylor, TX",0
48025,"Bee, TX",0
48027,"Bell, TX",0
48029,"Bexar, TX",0
48031,"Blanco, TX",0
48033,"Borden, TX",0
48035,"Bosque, TX",0
48037,"Bowie, TX",0
48039,"Brazoria, TX",0
48041,"Brazos, TX",0
48043,"Brewster, TX",0
48045,"Briscoe, TX",0
48047,"Brooks, TX",0
48049,"Brown, TX",0
48051,"Burleson, TX",0
48053,"Burnet, TX",0
48055,"Caldwell, TX",0
48057,"Calhoun, TX",0
48059,"Callahan, TX",0
48061,"Cameron, TX",0
48063,"Camp, TX",0
48065,"Carson, TX",0
48067,"Cass, TX",0
48069,"Castro, TX",0
48071,"Chambers, TX",0
48073,"Cherokee, TX",0
48075,"Childress, TX",0
48077,"Clay, TX",0
48079,"Cochran, TX",0
48081,"Coke, TX",0
48083,"Coleman, TX",0
48085,"Collin, TX",1
48087,"Collingsworth, TX",0
48089,"Colorado, TX",0
48091,"Comal, TX",0
48093,"Comanche, TX",0
48095,"Concho, TX",0
48097,"Cooke, TX",0
48099,"Coryell, TX",0
48101,"Cottle, TX",0
48103,"Crane, TX",0
48105,"Crockett, TX",0
48107,"Crosby, TX",0
48109,"Culberson, TX",0
48111,"Dallam, TX",0
48113,"Dallas, TX",0
48115,"Dawson, TX",0
48117,"Deaf Smith, TX",0
48119,"Delta, TX",0
48121,"Denton, TX",0
48123,"Dewitt, TX",0
48125,"Dickens, TX",0
48127,"Dimmit, TX",0
48129,"Donley, TX",0
48131,"Duval, TX",0
48133,"Eastland, TX",0
48135,"Ector, TX",0
48137,"Edwards, TX",0
48139,"Ellis, TX",0
48141,"El Paso, TX",0
48143,"Erath, TX",0
48145,"Falls, TX",0
48147,"Fannin, TX",0
48149,"Fayette, TX",0
48151,"Fisher, TX",0
48153,"Floyd, TX",0
48155,"Foard, TX",0
48157,"Fort Bend, TX",6
48159,"Franklin, TX",0
48161,"Freestone, TX",0
48163,"Frio, TX",0
48165,"Gaines, TX",0
48167,"Galveston, TX",0
48169,"Garza, TX",0
48171,"Gillespie, TX",0
48173,"Glasscock, TX",0
48175,"Goliad, TX",0
48177,"Gonzales, TX",0
48179,"Gray, TX",0
48181,"Grayson, TX",0
48183,"Gregg, TX",0
48185,"Grimes, TX",0
48187,"Guadalupe, TX",0
48189,"Hale, TX",0
48191,"Hall, TX",0
48193,"Hamilton, TX",0
48195,"Hansford, TX",0
48197,"Hardeman, TX",0
48199,"Hardin, TX",0
48201,"Harris, TX",6
48203,"Harrison, TX",0
48205,"Hartley, TX",0
48207,"Haskell, TX",0
48209,"Hays, TX",0
48211,"Hemphill, TX",0
48213,"Henderson, TX",0
48215,"Hidalgo, TX",0
48217,"Hill, TX",0
48219,"Hockley, TX",0
48221,"Hood, TX",0
48223,"Hopkins, TX",0
48225,"Houston, TX",0
48227,"Howard, TX",0
48229,"Hudspeth, TX",0
48231,"Hunt, TX",0
48233,"Hutchinson, TX",0
48235,"Irion, TX",0
48237,"Jack, TX",0
48239,"Jackson, TX",0
48241,"Jasper, TX",0
48243,"Jeff Davis, TX",0
48245,"Jefferson, TX",0
48247,"Jim Hogg, TX",0
48249,"Jim Wells, TX",0
48251,"Johnson, TX",0
48253,"Jones, TX",0
48255,"Karnes, TX",0
48257,"Kaufman, TX",0
48259,"Kendall, TX",0
48261,"Kenedy, TX",0
48263,"Kent, TX",0
48265,"Kerr, TX",0
48267,"Kimble, TX",0
48269,"King, TX",0
48271,"Kinney, TX",0
48273,"Kleberg, TX",0
48275,"Knox, TX",0
48277,"Lamar, TX",0
48279,"Lamb, TX",0
48281,"Lampasas, TX",0
48283,"La Salle, TX",0
48285,"Lavaca, TX",0
48287,"Lee, TX",0
48289,"Leon, TX",0
48291,"Liberty, TX",0
48293,"Limestone, TX",0
48295,"Lipscomb, TX",0
48297,"Live Oak, TX",0
48299,"Llano, TX",0
48301,"Loving, TX",0
48303,"Lubbock, TX",0
48305,"Lynn, TX",0
48307,"Mcculloch, TX",0
48309,"Mclennan, TX",0
48311,"Mcmullen, TX",0
48313,"Madison, TX",0
48315,"Marion, TX",0
48317,"Martin, TX",0
48319,"Mason, TX",0
48321,"Matagorda, TX",0
48323,"Maverick, TX",0
48325,"Medina, TX",0
48327,"Menard, TX",0
48329,"Midland, TX",0
48331,"Milam, TX",0
48333,"Mills, TX",0
48335,"Mitchell, TX",0
48337,"Montague, TX",0
48339,"Montgomery, TX",0
48341,"Moore, TX",0
48343,"Morris, TX",0
48345,"Motley, TX",0
48347,"Nacogdoches, TX",0
48349,"Navarro, TX",0
48351,"Newton, TX",0
48353,"Nolan, TX",0
48355,"Nueces, TX",0
48357,"Ochiltree, TX",0
48359,"Oldham, TX",0
48361,"Orange, TX",0
48363,"Palo Pinto, TX",0
48365,"Panola, TX",0
48367,"Parker, TX",0
48369,"Parmer, TX",0
48371,"Pecos, TX",0
48373,"Polk, TX",0
48375,"Potter, TX",0
48377,"Presidio, TX",0
48379,"Rains, TX",0
48381,"Randall, TX",0
48383,"Reagan, TX",0
48385,"Real, TX",0
48387,"Red River, TX",0
48389,"Reeves, TX",0
48391,"Refugio, TX",0
48393,"Roberts, TX",0
48395,"Robertson, TX",0
48397,"Rockwall, TX",0
48399,"Runnels, TX",0
48401,"Rusk, TX",0
48403,"Sabine, TX",0
48405,"San Augustine, TX",0
48407,"San Jacinto, TX",0
48409,"San Patricio, TX",0
48411,"San Saba, TX",0
48413,"Schleicher, TX",0
48415,"Scurry, TX",0
48417,"Shackelford, TX",0
48419,"Shelby, TX",0
48421,"Sherman, TX",0
48423,"Smith, TX",0
48425,"Somervell, TX",0
48427,"Starr, TX",0
48429,"Stephens, TX",0
48431,"Sterling, TX",0
48433,"Stonewall, TX",0
48435,"Sutton, TX",0
48437,"Swisher, TX",0
48439,"Tarrant, TX",0
48441,"Taylor, TX",0
48443,"Terrell, TX",0
48445,"Terry, TX",0
48447,"Throckmorton, TX",0
48449,"Titus, TX",0
48451,"Tom Green, TX",0
48453,"Travis, TX",0
48455,"Trinity, TX",0
48457,"Tyler, TX",0
48459,"Upshur, TX",0
48461,"Upton, TX",0
48463,"Uvalde, TX",0
48465,"Val Verde, TX",0
48467,"Van Zandt, TX",0
48469,"Victoria, TX",0
48471,"Walker, TX",0
48473,"Waller, TX",0
48475,"Ward, TX",0
48477,"Washington, TX",0
48479,"Webb, TX",0
48481,"Wharton, TX",0
48483,"Wheeler, TX",0
48485,"Wichita, TX",0
48487,"Wilbarger, TX",0
48489,"Willacy, TX",0
48491,"Williamson, TX",0
48493,"Wilson, TX",0
48495,"Winkler, TX",0
48497,"Wise, TX",0
48499,"Wood, TX",0
48501,"Yoakum, TX",0
48503,"Young, TX",0
48505,"Zapata, TX",0
48507,"Zavala, TX",0
49000,Utah,10
49001,"Beaver, UT",0
49003,"Box Elder, UT",0
49005,"Cache, UT",0
49007,"Carbon, UT",0
49009,"Daggett, UT",0
49011,"Davis, UT",1
49013,"Duchesne, UT",0
49015,"Emery, UT",0
49017,"Garfield, UT",0
49019,"Grand, UT",0
49021,"Iron, UT",0
49023,"Juab, UT",0
49025,"Kane, UT",0
49027,"Millard, UT",0
49029,"Morgan, UT",0
49031,"Piute, UT",0
49033,"Rich, UT",0
49035,"Salt Lake, UT",0
49037,"San Juan, UT",0
49039,"Sanpete, UT",0
49041,"Sevier, UT",0
49043,"Summit, UT",0
49045,"Tooele, UT",0
49047,"Uintah, UT",0
49049,"Utah, UT",0
49051,"Wasatch, UT",0
49053,"Washington, UT",0
49055,"Wayne, UT",0
49057,"Weber, UT",0
50000,Vermont,5
50001,"Addison, VT",0
50003,"Bennington, VT",1
50005,"Caledonia, VT",0
50007,"Chittenden, VT",0
50009,"Essex, VT",0
50011,"Franklin, VT",0
50013,"Grand Isle, VT",0
50015,"Lamoille, VT",0
50017,"Orange, VT",0
50019,"Orleans, VT",0
50021,"Rutland, VT",0
50023,"Washington, VT",0
50025,"Windham, VT",0
50027,"Windsor, VT",0
51000,Virginia,41
51001,"Accomack, VA",0
51003,"Albemarle, VA",0
51005,"Alleghany, VA",0
51007,"Amelia, VA",0
51009,"Amherst, VA",0
51011,"Appomattox, VA",0
51013,"Arlington, VA",0
51015,"Augusta, VA",0
51017,"Bath, VA",0
51019,"Bedford, VA",0
51021,"Bland, VA",0
51023,"Botetourt, VA",0
51025,"Brunswick, VA",0
51027,"Buchanan, VA",0
51029,"Buckingham, VA",0
51031,"Campbell, VA",0
51033,"Caroline, VA",0
51035,"Carroll, VA",0
51036,"Charles City, VA",0
51037,"Charlotte, VA",0
51041,"Chesterfield, VA",0
51043,"Clarke, VA",0
51045,"Craig, VA",0
51047,"Culpeper, VA",0
51049,"Cumberland, VA",0
51051,"Dickenson, VA",0
51053,"Dinwiddie, VA",0
51057,"Essex, VA",0
51059,"Fairfax, VA",2
51061,"Fauquier, VA",0
51063,"Floyd, VA",0
51065,"Fluvanna, VA",0
51067,"Franklin, VA",0
51069,"Frederick, VA",0
51071,"Giles, VA",0
51073,"Gloucester, VA",0
51075,"Goochland, VA",0
51077,"Grayson, VA",0
51079,"Greene, VA",0
51081,"Greensville, VA",0
51083,"Halifax, VA",0
51085,"Hanover, VA",0
51087,"Henrico, VA",0
51089,"Henry, VA",0
51091,"Highland, VA",0
51093,"Isle Of Wight, VA",0
51095,"James City, VA",0
51097,"King And Queen, VA",0
51099,"King George, VA",0
51101,"King William, VA",0
51103,"Lancaster, VA",0
51105,"Lee, VA",0
51107,"Loudoun, VA",0
51109,"Louisa, VA",0
51111,"Lunenburg, VA",0
51113,"Madison, VA",0
51115,"Mathews, VA",0
51117,"Mecklenburg, VA",0
51119,"Middlesex, VA",0
51121,"Montgomery, VA",0
51125,"Nelson, VA",0
51127,"New Kent, VA",0
51131,"Northampton, VA",0
51133,"Northumberland, VA",0
51135,"Nottoway, VA",0
51137,"Orange, VA",0
51139,"Page, VA",0
51141,"Patrick, VA",0
51143,"Pittsylvania, VA",0
51145,"Powhatan, VA",0
51147,"Prince Edward, VA",0
51149,"Prince George, VA",0
51153,"Prince William, VA",0
51155,"Pulaski, VA",0
51157,"Rappahannock, VA",0
51159,"Richmond, VA",0
51161,"Roanoke, VA",0
51163,"Rockbridge, VA",0
51165,"Rockingham, VA",0
51167,"Russell, VA",0
51169,"Scott, VA",0
51171,"Shenandoah, VA",0
51173,"Smyth, VA",0
51175,"Southampton, VA",0
51177,"Spotsylvania, VA",0
51179,"Stafford, VA",0
51181,"Surry, VA",0
51183,"Sussex, VA",0
51185,"Tazewell, VA",0
51187,"Warren, VA",0
51191,"Washington, VA",0
51193,"Westmoreland, VA",0
51195,"Wise, VA",0
51197,"Wythe, VA",0
51199,"York, VA",0
51510,"Alexandria City, VA",0
51515,"Bedford City, VA",0
51520,"Bristol City, VA",0
51530,"Buena Vista City, VA",0
51540,"Charlottesville City, VA",0
51550,"Chesapeake City, VA",0
51570,"Colonial Heights City, VA",0
51580,"Covington City, VA",0
51590,"Danville City, VA",0
51595,"Emporia City, VA",0
51600,"Fairfax City, VA",0
51610,"Falls Church City, VA",0
51620,"Franklin City, VA",0
51630,"Fredericksburg City, VA",0
51640,"Galax City, VA",0
51650,"Hampton City, VA",0
51660,"Harrisonburg City, VA",0
51670,"Hopewell City, VA",0
51678,"Lexington City, VA",0
51680,"Lynchburg City, VA",0
51683,"Manassas City, VA",0
51685,"Manassas Park City, VA",0
51690,"Martinsville City, VA",0
51700,"Newport News City, VA",0
51710,"Norfolk City, VA",0
51720,"Norton City, VA",0
51730,"Petersburg City, VA",0
51735,"Poquoson City, VA",0
51740,"Portsmouth City, VA",0
51750,"Radford City, VA",0
51760,"Richmond City, VA",0
51770,"Roanoke City, VA",0
51775,"Salem City, VA",0
51790,"Staunton City, VA",0
51800,"Suffolk City, VA",0
51810,"Virginia Beach City, VA",0
51820,"Waynesboro City, VA",0
51830,"Williamsburg City, VA",0
51840,"Winchester City, VA",0
53000,Washington,572
53001,"Adams, WA",0
53003,"Asotin, WA",0
53005,"Benton, WA",0
53007,"Chelan, WA",0
53009,"Clallam, WA",0
53011,"Clark, WA",1
53013,"Columbia, WA",0
53015,"Cowlitz, WA",0
53017,"Douglas, WA",0
53019,"Ferry, WA",0
53021,"Franklin, WA",0
53023,"Garfield, WA",0
53025,"Grant, WA",1
53027,"Grays Harbor, WA",0
53029,"Island, WA",0
53031,"Jefferson, WA",1
53033,"King, WA",83
53035,"Kitsap, WA",0
53037,"Kittitas, WA",1
53039,"Klickitat, WA",0
53041,"Lewis, WA",0
53043,"Lincoln, WA",0
53045,"Mason, WA",0
53047,"Okanogan, WA",0
53049,"Pacific, WA",0
53051,"Pend Oreille, WA",0
53053,"Pierce, WA",4
53055,"San Juan, WA",0
53057,"Skagit, WA",0
53059,"Skamania, WA",0
53061,"Snohomish, WA",31
53063,"Spokane, WA",0
53065,"Stevens, WA",0
53067,"Thurston, WA",0
53069,"Wahkiakum, WA",0
53071,"Walla Walla, WA",0
53073,"Whatcom, WA",0
53075,"Whitman, WA",0
53077,"Yakima, WA",0
54000,West Virginia,0
54001,"Barbour, WV",0
54003,"Berkeley, WV",0
54005,"Boone, WV",0
54007,"Braxton, WV",0
54009,"Brooke, WV",0
54011,"Cabell, WV",0
54013,"Calhoun, WV",0
54015,"Clay, WV",0
54017,"Doddridge, WV",0
54019,"Fayette, WV",0
54021,"Gilmer, WV",0
54023,"Grant, WV",0
54025,"Greenbrier, WV",0
54027,"Hampshire, WV",0
54029,"Hancock, WV",0
54031,"Hardy, WV",0
54033,"Harrison, WV",0
54035,"Jackson, WV",0
54037,"Jefferson, WV",0
54039,"Kanawha, WV",0
54041,"Lewis, WV",0
54043,"Lincoln, WV",0
54045,"Logan, WV",0
54047,"Mcdowell, WV",0
54049,"Marion, WV",0
54051,"Marshall, WV",0
54053,"Mason, WV",0
54055,"Mercer, WV",0
54057,"Mineral, WV",0
54059,"Mingo, WV",0
54061,"Monongalia, WV",0
54063,"Monroe, WV",0
54065,"Morgan, WV",0
54067,"Nicholas, WV",0
54069,"Ohio, WV",0
54071,"Pendleton, WV",0
54073,"Pleasants, WV",0
54075,"Pocahontas, WV",0
54077,"Preston, WV",0
54079,"Putnam, WV",0
54081,"Raleigh, WV",0
54083,"Randolph, WV",0
54085,"Ritchie, WV",0
54087,"Roane, WV",0
54089,"Summers, WV",0
54091,"Taylor, WV",0
54093,"Tucker, WV",0
54095,"Tyler, WV",0
54097,"Upshur, WV",0
54099,"Wayne, WV",0
54101,"Webster, WV",0
54103,"Wetzel, WV",0
54105,"Wirt, WV",0
54107,"Wood, WV",0
54109,"Wyoming, WV",0
55000,Wisconsin,27
55001,"Adams, WI",0
55003,"Ashland, WI",0
55005,"Barron, WI",0
55007,"Bayfield, WI",0
55009,"Brown, WI",0
55011,"Buffalo, WI",0
55013,"Burnett, WI",0
55015,"Calumet, WI",0
55017,"Chippewa, WI",0
55019,"Clark, WI",0
55021,"Columbia, WI",0
55023,"Crawford, WI",0
55025,"Dane, WI",0
55027,"Dodge, WI",0
55029,"Door, WI",0
55031,"Douglas, WI",0
55033,"Dunn, WI",0
55035,"Eau Claire, WI",0
55037,"Florence, WI",0
55039,"Fond Du Lac, WI",0
55041,"Forest, WI",0
55043,"Grant, WI",0
55045,"Green, WI",0
55047,"Green Lake, WI",0
55049,"Iowa, WI",0
55051,"Iron, WI",0
55053,"Jackson, WI",0
55055,"Jefferson, WI",0
55057,"Juneau, WI",0
55059,"Kenosha, WI",0
55061,"Kewaunee, WI",0
55063,"La Crosse, WI",0
55065,"Lafayette, WI",0
55067,"Langlade, WI",0
55069,"Lincoln, WI",0
55071,"Manitowoc, WI",0
55073,"Marathon, WI",0
55075,"Marinette, WI",0
55077,"Marquette, WI",0
55078,"Menominee, WI",0
55079,"Milwaukee, WI",0
55081,"Monroe, WI",0
55083,"Oconto, WI",0
55085,"Oneida, WI",0
55087,"Outagamie, WI",0
55089,"Ozaukee, WI",0
55091,"Pepin, WI",0
55093,"Pierce, WI",0
55095,"Polk, WI",0
55097,"Portage, WI",0
55099,"Price, WI",0
55101,"Racine, WI",0
55103,"Richland, WI",0
55105,"Rock, WI",0
55107,"Rusk, WI",0
55109,"St. Croix, WI",0
55111,"Sauk, WI",0
55113,"Sawyer, WI",0
55115,"Shawano, WI",0
55117,"Sheboygan, WI",0
55119,"Taylor, WI",0
55121,"Trempealeau, WI",0
55123,"Vernon, WI",0
55125,"Vilas, WI",0
55127,"Walworth, WI",0
55129,"Washburn, WI",0
55131,"Washington, WI",0
55133,"Waukesha, WI",0
55135,"Waupaca, WI",0
55137,"Waushara, WI",0
55139,"Winnebago, WI",0
55141,"Wood, WI",0
56000,Wyoming,2
56001,"Albany, WY",0
56003,"Big Horn, WY",0
56005,"Campbell, WY",0
56007,"Carbon, WY",0
56009,"Converse, WY",0
56011,"Crook, WY",0
56013,"Fremont, WY",0
56015,"Goshen, WY",0
56017,"Hot Springs, WY",0
56019,"Johnson, WY",0
56021,"Laramie, WY",0
56023,"Lincoln, WY",0
56025,"Natrona, WY",0
56027,"Niobrara, WY",0
56029,"Park, WY",0
56031,"Platte, WY",0
56033,"Sheridan, WY",0
56035,"Sublette, WY",0
56037,"Sweetwater, WY",0
56039,"Teton, WY",0
56041,"Uinta, WY",0
56043,"Washakie, WY",0
56045,"Weston, WY",0
